actor_id,gender,name,popularity
5700072,0,Steve Roberson,0.0538
5700073,0,Justin Roberson,0.0338
5700074,0,Eric Roberson,0.0286
5700075,0,Kaleo Roberson,0.0621
5700076,0,Tiare Roberson,0.0143
1878076,2,Okan Urun,0.0718
3548058,2,Haydar Şahin,0.1987
1472678,1,Saga Garðarsdóttir,0.1548
87663,2,Sverrir Gudnason,1.2756
2294554,1,Ída Mekkín Hlynsdóttir,0.9465
3390757,0,Þorgils Hlynsson,0.0453
3390756,0,Grímur Hlynsson,0.1438
55584,2,Ingvar E. Sigurðsson,1.4224
97109,1,Katla M. Þorgeirsdóttir,1.2629
2804815,0,Kristinn Guðmundsson,0.0448
1640021,2,Anders Mossling,0.6004
1666210,2,Stephan Stephensen,0.0261
2223265,2,Jackson Yee,1.7403
21911,1,Shu Qi,3.1391
993943,2,Mark Chao,2.1615
81128,1,Li Gengxi,1.9832
106581,2,Huang Jue,1.5405
1549530,2,Chen Yongzhong,0.953
2198399,2,Zhang Zhijian,0.5754
1749258,1,Chloe Maayan,0.9496
3852137,0,Nan Yan,0.1324
3059166,0,Guo Mucheng,0.0327
4966992,0,Rocco Sanabria,0.0071
4176533,0,Izzy Daniel,0.0143
1731993,2,Ezequiel Rodríguez,0.6104
2140917,1,Clara Kovacic,0.4879
1786470,2,Kevin Claydon,0.7557
4228988,0,Phil Moniz,0.1009
1223726,2,Robbie Amell,3.3736
231,2,Greg Bryk,1.782
1711569,1,Jess Salgueiro,1.0363
212429,1,Italia Ricci,2.1301
3401772,1,Rebekah Francoz,0.1058
209151,2,Ryan Blakely,0.6377
1226806,2,Milton Barnes,0.8232
82646,2,Trevor Hayes,0.6761
2890913,1,Lea Myren,1.492
63769,1,Ane Dahl Torp,1.1166
1384976,1,Thea Sofie Loch Næss,2.9947
3126191,1,Flo Fagerli,1.2611
3676023,2,Isac Calmroth,2.0309
2984635,2,Malte Gårdinger,2.3509
114580,2,Ralph Carlsson,0.8935
213487,1,Cecilia Forss,1.185
968176,1,Katarzyna Herman,0.6946
526011,2,Adam Lundgren,0.7435
5450691,0,Tommy O'Connor,0.0
2498240,1,Kathi deCouto,0.2489
5688562,0,Neil Russell,0.0143
5688563,0,Aron Huggett,0.0071
1509899,2,Pearce Joza,2.0613
3832196,1,Tanzyn Crawford,0.3928
25703,1,Lake Bell,2.9093
79082,2,Randall Park,2.3782
65760,1,Marin Hinkle,2.069
1488952,1,Mary Holland,1.2949
6950,2,Kevin Carroll,0.8525
45407,2,Mark Duplass,2.5051
17039,2,Nick Offerman,2.5392
4109899,0,Loïse Charpentier,0.1341
5404403,0,Victoria Grobois,0.0863
1758849,1,Yumi Fujimori,0.166
3062141,1,Cathy Cerda,0.1656
1855003,2,Marc Arnaud,0.1487
3722071,1,Laëtitia Coryn,0.0453
5404404,0,Haylee Issembourg,0.075
5404405,0,Isaac Schoumsky,0.0143
2436895,0,François Raison,0.2849
1837760,1,Céline Ronté,1.0597
2353434,1,Lindsey Normington,1.6074
5772759,0,Mitch Anderson,0.0
5772760,0,David Brown,0.0
5772761,0,Emma Orr,0.0
5772762,0,Charlie McElveen,0.0
5772784,0,Terrence Nicholson,0.0
4256123,2,Kang Seung-ho,0.5575
2863366,2,Woo Sang-jeon,0.3105
1511024,1,Son Sook,0.8495
2204431,1,Cha Mi-kyeong,0.9664
2344102,2,Oh Man-seok,0.8885
1696022,1,An Min-young,0.5021
2981562,1,Jung Jae-eun,0.3405
1765534,2,Seo Hyun-chul,0.5132
1606060,1,Kim See-eun,1.3293
1997967,2,Kang Tae-u,0.332
5361665,0,Oleksandr Yakobchuk,0.0071
5361666,0,Illia Pivtorak,0.0071
5361668,0,Vladyslav Blintsov,0.0071
4515560,2,Kostiantyn Shakhman,0.0
5734952,0,Oleksanda Holubovska,0.0
5734953,0,Nataliia Khomenko,0.0
5734954,0,Anna Petrovska,0.0
5734955,0,Oksana Krasnobaieva,0.0
5734956,0,Veronika Manets,0.0
3884721,0,Rupanty Akid,0.1396
5768969,0,Sudip Sinha,0.0
5768970,0,Aparupa Samanta,0.0
4101576,0,Berni Stapleton,0.0643
4713006,1,Nicole Redmond,0.1116
1225534,2,Andy Jones,0.4612
1278477,0,Greg Malone,0.5298
1545548,0,Ane Christensen,0.0823
1807976,1,Alexis Koetting,0.3272
1697398,1,Paula Morgan,0.1607
4215845,1,Reine Faiad,0.1856
5771076,0,Joe Power,0.0071
5771089,0,Paul Kavanagh,0.0
2887,2,Tom Waits,1.6248
1023139,2,Adam Driver,2.5074
167640,1,Mayim Bialik,1.9442
44079,1,Charlotte Rampling,3.7408
112,1,Cate Blanchett,4.3309
1080195,1,Vicky Krieps,2.9164
1048644,1,Sarah Greene,2.1219
1789788,3,Indya Moore,1.3302
2275493,2,Luka Sabbat,0.8785
236639,1,Françoise Lebrun,0.6166
42442,2,Saleh Bakri,0.8654
103008,1,Cherien Dabis,0.719
1187037,2,Adam Bakri,0.7694
1712859,1,Maria Zreik,0.5389
24289,2,Mohammad Bakri,1.2855
3702754,0,Muhammad Abed Elrahman,0.2201
5231336,0,Sanad Alkabareti,0.0797
5231337,0,Salah Al Din,0.1589
5231338,0,Rida Suleiman,0.1651
5231339,0,Yousef Zaalok,0.0387
4006010,2,Hunter Hancock,0.4646
6968,2,Hugh Jackman,4.2622
11661,1,Kate Hudson,3.6234
11486,2,Michael Imperioli,2.0376
26473,2,Fisher Stevens,3.0445
26485,2,Jim Belushi,2.5565
933578,1,Ella Anderson,2.3514
2463999,3,King Princess,0.3025
62385,2,Mustafa Shakir,1.4422
5000216,2,Hudson Hilbert Hensley,1.3193
1206334,2,Josh O'Connor,3.0475
3191695,0,Lily LaTorre,0.4838
1028899,1,Meghann Fahy,3.1516
3119545,1,Kali Reis,0.6559
23882,1,Amy Madigan,4.0225
183814,2,Jefferson Mays,0.7574
4896970,0,Nancy Morlan,0.1544
2777320,0,Sam Engbring,0.1785
3555315,2,Binky Griptite,0.2286
3448718,1,Brey Noelle,0.2993
3680146,2,Rob LaColla Jr.,0.1885
1480056,1,Layla Cushman,1.9149
3795244,2,Gabe Baker,0.0713
1843167,0,Joseph Cox,0.0071
1875915,1,Theresa Martini,0.2567
5481165,0,Lara Cocron,0.0143
5699183,0,Yannick Laux,0.0256
1494902,1,Chai Fonacier,1.0687
1175988,1,Suzette Ranillo,0.1987
1199947,0,Keith Deligero,0.0363
1360831,0,Victor Villanueva,0.324
3453748,2,Carl Joseph Lara,0.0441
2814863,0,Grace Marie Lopez,0.0071
88995,1,Adrianne Palicki,2.7121
2418916,1,Dulcé Sloan,0.5198
2185235,0,Bill Wise,0.0837
4809320,0,Bobo Hoang,0.0688
78433,2,Ryan Hansen,1.5858
973,2,Jason Flemyng,2.3363
984,2,Nicholas Rowe,0.9418
1268988,2,Grant Huggair,0.9376
1271537,2,Ben Shockley,0.2579
2497784,1,Kelly Freemantle,0.1776
1524862,0,Simeon Willis,0.1105
4249371,0,Elena Diego,0.0143
4249372,0,Mikael Gauluet,0.0286
4249373,0,Héctor Cavallaro,0.0286
1423877,0,Elodie Bernardeau,0.0143
4249374,0,Antonio Macipe,0.0143
4249375,0,Candelaria Hernández,0.0256
933011,2,Marat Descartes,1.7343
2461475,0,João Filho,0.0071
5129672,0,Pedro Parente,0.0143
4403890,0,Rayssa Torres,0.0143
4897571,0,Rycleson Rodrigues,0.0143
5129676,0,Isabel Azevedo,0.0
5761400,0,Daniel Kapeluschnik,0.0
5761402,0,Clairo,0.0
5761403,0,Christian Lees,0.0
5324028,0,Peter Sichel,0.0071
73628,1,Sylvia Sichel,0.1296
2418919,0,Stephen Kinzer,0.2017
13716,2,Carl Bernstein,0.3845
2762683,2,Ashton James,0.1326
56871,2,Blair Underwood,1.6784
25878,2,Shawn Doyle,1.5883
3580499,1,Alexandra McDonald,0.2502
1431050,1,Oluniké Adeliyi,2.2908
1884282,2,Henri Picard,1.439
2615220,0,Emidio Lopes,0.21
2450166,2,Donald MacLean Jr.,0.8105
220615,1,Tamara Podemski,1.314
76973,2,Joris Jarsky,0.8122
5375564,0,Tamara Cortés,0.0071
4951420,0,Matías Catalán,0.0357
1317111,1,Paula Dinamarca,0.1318
1040960,1,Claudia Cabezas,0.1947
127247,2,Luis Dubó,0.3451
225011,2,Alfredo Castro,0.5054
947768,2,Andrés Almeida,0.6423
1327742,2,Felipe Ríos,0.8435
5375574,0,Vicente Caballero,0.0261
5353291,2,Del Raum,0.0261
1301739,2,Stjepan Perić,0.3544
1424584,0,Dubravka Vukotić Drakić,0.2139
3820683,0,Pedro Sitjar,0.0143
2008762,0,Alicia Garcia,0.0071
2272241,0,Jose Rodríguez,0.0535
3820680,0,Pau Roldán,0.1251
5761410,0,Isidora García,0.0143
5761411,0,Josefa Barraza,0.0
5761412,0,Valeria Saa,0.0
4398855,0,Paula Díaz,0.0
5761453,0,Valentina Suazo,0.0071
5764072,0,Renato Trenfo,0.0
1763774,1,Karoline Petronella Ulfsdatter Schau,0.2053
4010229,0,Hannah Elise Adolfsen Fjeldbraaten,0.0646
3804924,0,Stian Isaksen,0.0071
3749647,0,Jørgen Cleve Broch,0.0823
3673028,1,Mari Hauge Einbu,0.0935
5343270,0,Mark Hornyan,0.0143
5769211,0,Michael Adogla,0.0
5343266,0,James Palmquist,0.0261
5769215,0,Peyton Rayne,0.0
5769328,0,Austin Martinez,0.0
5769331,0,Juan Rivero,0.0
5769334,0,Shawna Silva,0.0
5769359,0,Ozuhakachi Akarolo,0.0
5769361,0,Rianna Bunag,0.0
5769362,0,Damian Contreras,0.0
1092405,2,Yannis Kokiasmenos,0.1565
3179681,1,Maria Diakopanagiotou,0.2716
2138405,2,Argyris Pandazaras,0.3624
1074097,2,Antonis Kafetzopoulos,0.3984
2374032,2,Antonis Tsiotsiopoulos,0.25
3599578,2,Romario Cottoy,0.0071
5634537,0,Khalil Hinds-Basdeo,0.0071
3623608,1,Gabriella Bovell,0.0261
3599577,0,Simon Alleyne,0.0475
3599580,0,Marsha Greenidge,0.0071
3599579,2,Jamal Moseley,0.0168
3623609,0,Michael Crossman,0.0143
3694441,0,Ronald 'Zen' Als,0.0143
3691194,1,Zoé Armstrong,0.0
3623612,0,James Marshal,0.0
5688887,0,Sean Barratt,0.0071
5688888,0,Tom Botterill,0.0143
5688890,0,Kyle Blythe,0.0214
4364528,0,Mitchell Wilson,0.0286
1297661,1,Kokoro Hirasawa,1.2282
83527,1,Shinobu Terajima,3.0204
105403,2,Gaku Hamada,1.012
1179543,1,Sherina Munaf,0.593
80754,2,Etsushi Toyokawa,1.6175
65427,2,Yuji Ueda,1.444
11544,2,Jean Gabin,0.9905
15135,2,Alain Delon,3.8962
40976,2,Claude Cerval,0.3014
32100,2,Maurice Biraud,0.7477
39471,1,Viviane Romance,0.3861
39098,2,Henri Virlogeux,0.7618
24540,2,Jean Carmet,0.9758
1942,2,José Luis de Vilallonga,0.63
574349,1,Rita Cadillac,0.575
7568,1,Dominique Davray,1.0847
5293,2,Willem Dafoe,4.9541
1163685,1,Stéphanie Argerich,0.1952
5580561,0,Lilly Lindner,0.0256
5580562,0,Claus Philip,0.0143
1145476,2,Gastón Solnicki,0.0816
5659789,0,Camille Clair,0.0676
5659790,0,Lilly Senn,0.0286
49687,2,Klaus Lemke,0.3618
5710373,0,Hendrik Waringa,0.0071
5710376,0,Maurits van Nijen,0.0
1247382,1,Susannah Sprague-Lerma,0.226
13260,1,Linda Harrison,2.6264
9222,2,Don Pedro Colley,0.6897
1234651,2,Byron Cherry,0.3933
1196772,2,Wayne Farris,0.3846
97824,2,Conrad Brooks,0.4157
1570986,2,Chris Hahn,0.309
1719996,2,Matthew T. Metzler,0.8734
936648,2,John Wisniski Jr.,0.4787
568583,2,Jim Duggan,0.4118
5173944,1,Tabatha Zimiga,0.247
5173945,1,Porshia Zimiga,0.1442
59233,2,Scoot McNairy,2.4145
49971,1,Jennifer Ehle,3.4262
5469363,0,Jesse Thorson,0.1773
5469365,0,Chancey Ryder Witt,0.077
5469369,0,Clay Pateneaude,0.1187
5469370,0,Leanna Shumpert,0.1126
5469371,0,Brynn Darling,0.2113
5469372,0,Wyatt Mansfield,0.0143
4995151,1,Yukino Kaizu,0.0811
3066719,2,YU,0.2388
2870994,2,Yutaka Kyan,0.9583
3185102,1,Tammy Lin,0.3159
2906878,1,Mimi Shao,0.4522
2117114,1,Ray Fan,0.2245
4573690,2,Mondo Otani,0.0688
3091384,2,Wan-Hao Chen,0.153
4357023,2,Yuhei Shirakawa,0.1033
4627157,0,Raion Yoza,0.0143
2275122,1,Chen Yuu,0.3336
1609470,2,Phil Hou,0.929
3776157,2,Jeff Kuo,0.0214
3767409,1,Chi-Yun Mao,0.0
3325639,2,Lin Yu,0.3864
5761468,0,Kailee Helms,0.0
5761469,0,MJ Porsche,0.0
5761471,0,Joy Gemmill,0.0
5693003,2,Owen David,0.0143
5693002,0,Aiyana Waller,0.0286
5693009,0,Keegan Cline,0.0071
4802312,2,Nate Rodriquez,0.0143
5126131,2,Robert Lightspeed,0.0286
5383063,0,Jury Quỳnh Lâm,0.1251
5383064,0,Ngô Phương Thảo,0.0848
1599725,0,Hoàng Trần Minh Đức,0.0682
2413141,2,Ngô Quang Tuấn,0.1983
5383066,0,Ngô Nhan Đức Huy,0.0807
5552154,0,Serak Savorn,0.0143
3226110,0,Piseth Chhun,0.095
5772150,0,Pin Sreybor,0.0
5772152,0,Preab Pouch,0.0
5772153,0,Thon Sovakiry,0.0
1757075,1,Eszter Tompa,0.4132
60422,2,Gabriel Spahiu,1.5418
5168256,0,Adonis Tanța,0.2023
5168257,0,Oana Mardare,0.065
592227,2,Șerban Pavlu,0.4409
5168259,0,Annamária Biluska,0.1116
2080407,1,Ilinca Manolache,1.4659
4215259,0,Baron Ryan,0.0621
3323070,0,Jonathan Flanders,0.2079
5345471,0,Josh Czuba,0.0362
2338811,1,Sarah J. Bartholomew,1.8104
2869019,3,Caroline Grossman,0.2599
996700,2,Dax Flame,1.473
85930,2,John Mayer,0.6054
2087239,1,Kwak Sun-young,1.2835
1256488,1,Kwon Yu-ri,0.7061
2139451,1,Lee Sul,0.8334
3832882,1,Gi So-you,0.683
1372475,1,Shin Dong-mi,1.0087
1191711,1,Kil Hae-yeon,1.1184
1671441,2,Heo Jeong-do,1.3855
1680316,2,Heo Ji-won,0.602
3177082,1,Yeom Ji-young,0.1447
3760426,2,Yoo Jung-hoo,0.8783
5571787,0,Al Jo,0.0
5571788,0,ely.,0.0
5571789,0,Erin,0.0
5571791,0,Komete,0.0
5571792,0,Lezar,0.0
5571794,0,Lou Mara,0.0
5571795,0,Nyx,0.0
5476889,0,Lucie Babayan,0.0
2357022,3,La Fille Renne,0.0214
2270760,0,Lanisa Dawn,0.1808
1350977,0,Sandra Foisy,0.0143
115440,1,Sydney Sweeney,11.0693
11107,2,Ben Foster,1.8875
28044,1,Merritt Wever,2.757
2252989,1,Katy O'Brian,2.6213
58019,2,Ethan Embry,3.1446
1803480,1,Jess Gabor,1.3614
124645,2,Chad L. Coleman,1.2241
1116629,2,Tony Cavalero,1.685
1380492,2,Miles Mussenden,0.773
5753238,0,Khawla Abdusalam,0.0
5771944,0,Hiba Judeh,0.0
2220913,2,Abdulrahman Al Madani,0.0071
5771945,0,Aiham AlSubaihi,0.0
5771946,0,Hind Ali,0.0
5771947,0,Butti Ahmad Bin Hindi,0.0
5771948,0,Khaltham Ahmad Bin Hindi,0.0
1779027,1,Kaede Hondo,2.2867
1254340,1,Asami Tano,1.0262
1324469,1,Risa Taneda,1.8047
2102121,1,Maki Kawase,1.3002
1732279,1,Rika Kinugawa,1.1935
1496002,1,Minami Tanaka,1.368
77931,1,Kotono Mitsuishi,2.1705
93803,2,Mamoru Miyano,2.4068
1241498,2,Daisuke Ono,2.2005
34676,2,Roger Carel,0.7004
57540,2,Jacques Morel,0.4234
5185,2,Jean Martinelli,0.468
589521,2,Pierre Tornade,0.7206
48417,2,Roger Lumont,0.333
60688,1,Micheline Dax,0.4949
2345195,2,Stéphane Steeman,0.0457
131380,2,Gérard Hernandez,0.7385
57541,2,Henri Labussière,0.4206
93532,2,Laurent Lafitte,1.3985
19888,1,Géraldine Pailhas,0.7015
1814783,0,Thierry Garcia,0.2256
1732197,1,Olivia Gotanègre,0.1619
2022358,1,Sophie Maréchal,0.2739
30435,1,Flora Montgomery,1.1664
1423214,2,Matthew Gravelle,0.6025
1238452,1,Lu Corfield,0.6853
2438358,2,Jonathan Keeble,0.3079
206161,2,Celyn Jones,0.7138
4087075,2,Chico Pinheiro,0.1454
1759972,2,Vladimir Herzog,0.0362
4337841,0,André Herzog,0.0071
5768341,0,Ivo Herzog,0.0071
5277881,0,Clarice Herzog,0.0409
2278328,0,Paulo Markun,0.0071
5768342,0,Dilea Frate,0.0071
5768345,0,Anthony de Cristo,0.0071
5768346,0,Ubiratan de Paula Santos,0.0071
5768348,0,Elvira Alegre,0.0
6020,2,Denis Podalydès,0.8675
22306,2,Kad Merad,1.1036
73828,1,Marilyne Canto,0.6338
3822,1,Ángela Molina,2.0476
765,1,Hiam Abbass,1.5804
13688,1,Karin Viard,1.29
121533,1,Agathe Bonitzer,0.6825
4256983,0,Élisabeth Quin,0.1088
19077,2,Xavier Legrand,0.2683
3281342,0,Prakash Saput,0.0357
2541449,1,Upasana Singh Thakuri,0.1973
1950475,0,Dhiraj Magar,0.081
1748437,2,Buddhi Tamang,0.5089
1748436,2,Kedar Ghimire,0.7664
1922516,0,Shishir Bangdel,0.0871
2294287,0,Shyama Shree Sherpa,0.0071
3062380,0,Yuvaraj Lama,0.0214
3120515,0,Nabil Al Raee,0.1292
5404528,0,Fadi Al Ghoul,0.0071
5101594,2,Abraham Abdiel Arya Putra Yudianto,0.0
5686797,0,Rachel Santoso,0.0
2838114,1,Juliana Lourenção,0.1299
1523704,2,Pope Francis,0.5196
87345,1,Rifka Lodeizen,1.2467
1197738,2,David Lucieer,0.163
1180907,1,Daniella Kertesz,1.9992
5080941,0,Mickey Kertesz,0.0143
11181,2,Kenneth Branagh,3.6435
1364004,2,Tom Bateman,1.8858
516,1,Annette Bening,2.9413
59919,2,Russell Brand,1.203
492791,2,Ali Fazal,1.5768
5539,1,Dawn French,1.7968
90633,1,Gal Gadot,3.9545
53807,2,Armie Hammer,1.6156
1223793,1,Rose Leslie,3.4725
2201315,1,Emma Mackey,3.6699
38661,2,Christian Byers,0.3615
5421678,0,Michele Salamone,0.0143
5421679,0,Rosa Peronace,0.0071
5464572,0,Stefano Francalanci,0.0071
5731758,0,Evan M. Allen,0.0
5731759,0,Julia Huff,0.0
5731762,0,Dale Dobson,0.0
569,2,Ethan Hawke,7.0203
1392137,1,Margaret Qualley,6.034
21127,2,Bobby Cannavale,3.219
125660,2,Andrew Scott,2.4449
559627,2,Jonah Lees,1.1127
163545,2,Simon Delaney,0.7457
14432,2,Patrick Kennedy,1.0624
3440085,0,John Doran,0.2106
2085605,0,Caitríona Ennis,0.5109
5231296,2,Ian Dillon,0.5125
552069,2,Yoon Joo-Sang,1.1524
1254426,1,Yang Hee-kyung,0.6397
1419852,2,Park Jong-hwan,1.0019
5186415,0,Yang Mi-seon,0.18
2446795,1,Jeong Ae-hwa,0.3906
1482672,2,Yoo Soon-woong,0.3678
2215973,2,Na Jong-min,0.0867
79574,2,Park Won-sang,1.284
567621,1,Choi Hee-jin,0.9722
3053482,1,Maggie García,0.0973
2510657,1,Patricia Peñalver,0.0884
3578019,0,Eve Ryan,0.4732
2949789,1,Elena Gallardo,0.0895
4377946,0,Mike Fajardo,0.0717
1714809,1,Shirley Chen,0.2361
1375795,2,Daniel Zolghadri,0.7444
1689647,2,Garrett Richmond,0.1754
1990618,1,Duvall O'Steen,0.112
1473140,2,Brian McCarthy,0.4917
5766582,0,Christopher Hogue,0.0
5766583,0,William R. McHattie,0.0
5766585,0,Sarah Pollard,0.0
5766586,0,Mike Talbott,0.0
5766587,0,Kate Bonnevier,0.0
4462402,0,Neena Boyle,0.0071
5765793,0,Bethany Baldwin,0.0
2497698,0,Kyle Popovich,0.0143
4151122,0,Liliana Zajbert,0.0963
116173,2,Mateusz Damięcki,1.398
1590642,1,Monika Pikuła,0.3516
136558,2,Adam Woronowicz,0.6675
2539487,0,Maksymilian Zieliński,0.3653
3976344,1,Mila Jankowska,0.5669
1522825,1,Milena Lisiecka,0.2288
1138526,2,Henryk Niebudek,0.3058
2464977,1,Dominika Kachlik,0.4041
2552649,2,Daniel Namiotko,0.2785
5314677,0,Andy Garro,0.0
1576786,1,Renate Reinsve,1.6268
1640,2,Stellan Skarsgård,3.5175
1421850,1,Inga Ibsdotter Lilleaas,1.0477
18050,1,Elle Fanning,5.3234
1367617,2,Cory Michael Smith,1.1759
2556531,1,Catherine Cohen,1.0977
225835,1,Pia Borgli,0.1831
5375135,2,Jonas Jacobsen,0.0794
71610,2,Anders Danielsen Lie,1.0982
2244,2,Jesper Christensen,1.3166
5617558,0,Henry Wakeham,0.0
5617556,0,Bailey Hunt,0.0
5739997,0,Gwyn Ho,0.0143
5739999,0,Kevin Laskowski,0.0
1565208,1,Victoria Ekanoye,0.8136
1680719,0,Tina Mba,0.7895
5709009,0,Lesedi Job,0.0
5389673,2,Vahid Mobasseri,0.0821
5428352,1,Mariam Afshari,0.1125
2393767,2,Ebrahim Azizi,0.1175
5428353,1,Hadis Pakbaten,0.098
5406499,0,Majid Panahi,0.07
5428354,0,Mohamad Ali Elyasmehr,0.0538
2367456,0,George Hashem Zadeh,0.112
5451568,0,Delmaz Najafi,0.1169
5451569,0,Afsaneh Najm Abadi,0.0646
4659751,2,Kole Parks,0.0
4659752,1,Jae Chung,0.0621
4687558,0,Corey Parks,0.0071
5469,2,Ralph Fiennes,5.3395
11279,2,Roger Allam,1.856
13633,2,Mark Addy,2.4232
2629,2,Alun Armstrong,1.7104
589652,2,Robert Emms,0.8722
57461,2,Simon Russell Beale,1.4814
31739,2,Oliver Chris,1.113
40660,2,Malcolm Sinclair,0.7895
6973,1,Fenella Woolgar,1.2991
5612842,2,Oliver Briscombe,0.0071
2577251,1,Fang Yu-hsing,1.0876
4093622,0,Yu-jie Li,0.0214
3936302,2,Lin Tse-kai,0.0714
5663914,0,Rosarinha,0.0143
5663915,0,Cristiane Graciano,0.0071
5663916,0,Mãe Flor,0.0214
5663917,0,Marcelina Martins,0.0362
5663918,0,Miriam Mendes,0.0071
5662615,0,Karol Maia,0.0
1747934,2,Jurģis Spulenieks,0.0441
4137767,0,Einars Repše,0.0621
2893212,0,Agate Krista,0.042
2220393,0,Kristians Karelins,0.0398
1189521,0,Regnārs Vaivars,0.0666
2424324,0,Armands Bergis,0.293
1972506,1,Olia Poliakova,0.1391
3269601,2,Jesse Keel,0.0214
5083027,0,Evzen Conejero,0.0143
5746708,0,Jane Ponggo,0.0286
4656066,0,Rojina Esmaeili,0.1126
4656068,0,Saba Vahedyousefi,0.0717
1291233,2,Matthew Rankin,0.2732
2477204,2,Pirouz Nemati,0.1301
1527021,2,Mani Soleymanlou,0.4252
4656065,0,Ila Firouzabadi,0.0635
4656070,0,Sobhan Javadi,0.0421
590831,1,Danielle Fichaud,0.3049
4725539,0,Bahram Nabatian,0.0954
4725541,0,Hemela Pourafzal,0.0071
2411944,0,Napo Martino,0.0604
4280638,0,Lisa Schachtel,0.0362
3482562,0,Júlia Lorrana,0.0143
5003020,0,Rebecca Braga,0.0289
5036194,0,Lion Guimarães,0.0
5040607,0,Terezinha Aparecida,0.0071
5040610,0,Julio Cesar Melo,0.0071
5040611,0,Lavinia Rabelo,0.0
5040614,0,Marcos Silva,0.0071
5040615,0,Heitor da SIlva Cruz,0.0
1121225,0,László Bolyki,0.0261
1121224,0,Tamás Pajor,0.0264
1121227,0,József Borbély,0.0243
1121229,0,Zsolt Deák,0.0286
1121231,0,Tibor Dóka,0.0143
1121233,0,Sarah Fruct,0.0
1121234,0,János Gémes,0.0886
5292,2,Denzel Washington,5.0661
19492,1,Viola Davis,2.6997
196179,2,Stephen McKinley Henderson,1.7511
1607522,2,Jovan Adepo,1.7372
62649,2,Russell Hornsby,1.2852
34,2,Mykelti Williamson,2.5437
1607523,1,Saniyya Sidney,0.6695
99407,1,Lesley Boone,0.9006
1725188,2,Christopher Mele,0.2744
134937,2,Jason Silvis,0.4762
4741685,0,Leonor Buescu,0.0357
5549082,0,Gil Sousa,0.0071
2249237,0,Radoslava Mrkšić,0.1119
4609808,0,Luka Knez,0.0712
3179469,0,Tea Ljubešić,0.1968
1301876,1,Areta Ćurković,0.14
2148360,0,Iva Kraljević,0.0143
3229841,1,Princess Adenike,0.314
5750020,0,Queensly Ajibola,0.0071
5377480,0,Natividad Alemany,0.0143
1087135,1,Celia Au,0.866
4893,2,Clem Cheung,0.7597
4515828,0,Angela Chew,0.1581
25448,1,Caroline Chikezie,0.8085
5750022,0,Alaia Diop,0.0
5750023,0,Ase Diop,0.0214
5750024,0,Ayaan Diop,0.0071
10978,1,Maggie Smith,3.2204
350,1,Laura Linney,3.0384
8534,1,Kathy Bates,2.9686
3239558,1,Agnes O'Casey,0.6364
9029,2,Stephen Rea,2.214
87908,2,Mark O'Halloran,0.9845
4172579,0,Eric D. Smith,0.0965
1539217,2,Mark McKenna,1.0215
40043,2,Niall Buggy,0.6811
1546861,1,Hazel Doupe,1.2151
3284,2,Bruce Springsteen,1.4864
3291204,2,Justin Powell,0.1412
2517087,2,Jeffry Batista,0.1471
4502361,0,Danny Burgos,0.0642
5202922,0,Brandon Hartsfield,0.0143
2933942,1,Madelin Marchant,0.0821
1434041,2,Ruben Rabasa,1.1692
5750028,0,Chad Raven,0.0071
1788168,2,Bryant Tardy,0.4013
5313607,0,Camden Collier,0.0071
5750030,0,Milan Fields,0.0
5750031,0,Bethany Livers,0.0
5750032,0,Dwight Nelson,0.0
78798,2,Tom Kenny,2.3879
6574,2,Clancy Brown,5.1153
70615,2,Rodger Bumpass,1.8066
34398,2,Bill Fagerbakke,1.7597
78799,1,Carolyn Lawrence,1.0884
188229,2,Mr. Lawrence,1.5304
2,2,Mark Hamill,3.7188
1457999,2,Arturo Castro,1.9465
2088734,1,Sherry Cola,1.9144
35705,1,Regina Hall,3.7794
3154311,1,Lawson Greyson,0.2429
98421,1,Sarah Nicklin,0.5195
4614199,1,Jenna Hogan,0.5214
3553946,1,Isabella Feliciana,0.5434
2766415,2,Sean Berube,0.9936
2089343,2,Riley Nottingham,0.4016
3705954,1,Lily Speiser,0.5112
5067483,1,Samantha Cochran,0.4326
1092570,2,Stephen Gurewitz,1.8318
2340443,0,Miles Emanuel,0.1933
1692997,1,Jang Yoon-ju,1.2981
1583321,1,Choi Soo-in,0.2765
5649902,2,Joo Min-hyeong,0.0143
4147319,2,Jayden Cheung,0.0848
5183161,0,Erfan Shekarriz,0.0921
5183168,0,Arm Anatphikorn,0.0673
5182096,0,Zenni Corbin,0.0486
2640689,2,Wang Ko-Yuan,0.2997
5196453,0,Arhura Mazda,0.0618
20014,2,Sebastian Soukup,0.1794
5104659,0,María Victoria Fernanda Gallardo,0.0
5104660,0,María Máxima Ramos,0.0143
5104661,0,Ana Jenefes,0.0071
2677711,0,Fernanda Uzqueda,0.0143
3394510,2,Benjamin Bourgois,0.1928
1384486,2,Bruno Sanches,0.6751
1672709,1,Jeanne Arènes,0.4359
2425998,3,Eva Victor,0.8277
1537686,1,Naomi Ackie,2.0064
163731,2,Louis Cancelmi,1.4319
1309781,1,Kelly McCormack,1.9909
1105079,2,Lucas Hedges,1.2777
3911,2,John Carroll Lynch,2.2323
1218184,1,Hettienne Park,0.8015
2849185,3,E.R. Fightmaster,0.7143
3887701,0,Cody Reiss,0.1308
3075124,2,Jordan Mendoza,0.3107
5757816,0,Vaca René,0.0071
5757817,0,Chamaquito,0.0
5757830,0,Lionel richie,0.0
5757831,0,Putisperson,0.0071
2299273,0,Gabriela Groppa,0.0071
1184642,2,Sergio Dioguardi,0.1247
5383776,0,Cleaning Simp Paul,0.0239
80921,2,Egill Ólafsson,2.1824
3171312,1,Kōki,2.1475
238165,0,Pálmi Kormákur Baltasarsson,0.6729
80863,2,Masahiro Motoki,2.0785
1095403,1,Yōko Narahashi,0.2735
53367,1,Ruth Sheen,1.4656
567065,2,Masatoshi Nakamura,1.3712
1522261,1,Meg Kubota,0.1096
148636,1,María Ellingsen,1.6205
42092,2,Benedikt Erlingsson,0.3776
5630702,0,Valerie Kwok,0.0071
3639321,1,Chloe Simone Crawford,0.524
5647154,0,Nile Assata Harris,0.0
5647155,0,Nikaya Manley,0.0214
5647156,0,Zaira Apolinario Chaplin,0.0
4739659,0,Sam Greenspan,0.0168
5391354,0,Dylan Siegel,0.0286
5647160,0,Sollana Brown Irvin,0.0
3210956,1,Violet Savage,0.1079
5647162,0,Bryan G. Smith,0.0
4535289,0,Kassidy Charles,0.0071
5720123,0,Verónica Casulleras,0.0
544008,2,Lander Otaola,1.569
5021322,0,Adriana Llobet,0.0431
3592947,2,Nate Wall,0.0214
5013020,1,Sanya Kulshreshtha,0.0071
5072460,0,Vaideki Parthipan-Jegendran,0.0621
5076281,0,Isaac Aunins,0.0143
5076538,2,Dylan Robertson,0.0261
5076539,0,Alexander Tyson,0.0214
5076544,2,Will Bulfin,0.0071
5076545,2,Rocco Bulfin,0.0
5083133,2,Joe Chandy,0.0362
5092538,0,Chu Yin,0.0
71057,1,Zhou Xun,1.6388
939118,2,Yang Haoyu,1.8484
5233742,2,Bei Yile,0.0675
3163194,2,Kang Chunlei,0.1857
3566095,1,Brie Slompo,0.0629
1641897,0,Leena Santos,0.0261
5517843,0,Andraz Samira,0.0
3634554,0,Duncan Vezain,0.1981
4941057,0,Igor Galijasevic,0.0143
4307357,0,Walter Runningcrane Jr.,0.0697
4985350,0,Shawn Perkins,0.0888
4985351,0,Zdravko Strkalj,0.0261
16972,2,Sergi López,1.3525
4180392,0,Bruno Núñez,0.1062
5362709,0,Stefania Gadda,0.2287
5362711,0,Joshua Liam Henderson,0.1928
5678639,0,Richard Bellamy,0.0955
5362714,0,Tonin Janvier,0.1447
5362717,0,Jade Oukid,0.1401
5663519,0,Ahmed Abbou,0.1584
5663522,0,Abdellilah Madrari,0.0448
5663525,0,Mohamed Madrari,0.0214
2353469,2,Shin Seung-ho,1.6236
1617157,1,Han Ji-eun,1.5913
1694435,2,Park Myung-hoon,1.6274
126351,1,Jeon So-min,1.0746
2221392,2,You Seong-joo,0.7307
2133923,2,Lee Jung-ok,0.5474
3961945,2,Nam Joong-gyu,0.3175
5699812,2,Paek Joo-hwan,0.0718
5698631,0,Miraya Pujari,0.0461
1272801,2,Mirko Grillini,0.3555
1560405,1,Sally-Anne Upton,0.5763
57795,2,David Field,0.9099
1225061,1,Tottie Goldsmith,0.3233
2031895,0,Verity East,0.0993
2706836,0,Lee Beckhurst,0.1162
3376044,2,Will Hutchins,0.0387
2634984,1,Rachel Kamath,0.4067
1715864,0,Juliene Vanner,0.0357
2539573,2,Choi Han,0.1185
1762594,2,Nam Doh-hyeong,0.4547
2720928,1,Jung Yoo-jung,0.1842
3244117,1,Kim Yeon-woo,0.2192
4703146,0,Hong Seung-hyo,0.2018
2732098,2,Hwang Chang-yung,0.1505
4490530,2,Kim Min-ju,0.0782
2128187,0,Pyo Yeong-jae,0.0071
5732111,0,Borys Wiśniewski,0.0261
1481043,2,Ahmet Varlı,0.3438
3462762,2,Burak Can Aras,0.1186
2237918,1,Naz Çağla Irmak,0.9131
2182185,2,Bora Karakul,0.2589
120866,1,Dolunay Soysert,3.2104
1557254,2,Beyti Engin,0.2737
1911753,1,Özlem Öçalmaz,0.3425
3787911,0,Brayden Gleave,0.2031
84223,1,Anna Kendrick,3.7951
5534968,2,Beckett James Maillard,0.1082
1442069,2,Finn Wolfhard,4.7373
40345,2,Don Bluth,1.4385
5634397,0,Michael Ny,0.0071
2292431,0,Keta Lortkipanidze,0.0214
4154560,0,Tamar Mdinaradze,0.0297
4912125,0,Jack Hubbell Rosene,0.0071
2343267,2,Micah Abbey,0.5624
3127719,2,Shamon Brown Jr.,1.119
2239159,2,Brady Noon,2.2166
1696351,2,Nicolas Cantu,1.6614
464993,2,Zach Woods,1.3681
4586522,2,Sobhan Babaei,0.0362
4889205,0,Poorya Saeedian,0.0621
5771312,0,Eli Brown,0.0
5771313,0,Massaley Comey,0.0
5771314,0,Morris Sheriff,0.0
5771315,0,Augustine Tregbee Jr.,0.0
5771316,0,Irene George,0.0
5771317,0,Alfred Lomax,0.0
5771318,0,Faith Kulu,0.0
5771319,0,Christopher Klein,0.0
1033157,2,Ayushmann Khurrana,1.5224
1752056,1,Rashmika Mandanna,1.1577
85047,2,Nawazuddin Siddiqui,0.9493
85033,2,Paresh Rawal,1.1147
2268369,2,Faisal Malik,0.4943
1197127,1,Geeta Agrawal Sharma,1.8325
5636402,0,Rachit Singh,0.0625
2037263,2,Raj Premi,0.1895
1108119,2,Varun Dhawan,1.9934
581895,2,Sathyaraj,1.322
936970,1,Julia Garner,3.8508
16851,2,Josh Brolin,4.4961
71375,2,Alden Ehrenreich,2.6095
148992,2,Austin Abrams,3.0877
30082,2,Benedict Wong,4.2762
2407997,2,Cary Christopher,1.3508
18271,2,Toby Huss,2.461
1105322,2,Whitmer Thomas,1.1652
2438324,1,Callie Schuttera,0.8833
226139,2,Miloš Biković,1.906
1045416,2,Nebojša Dugalić,0.3142
584981,1,Aleksandra Balmazović,0.2768
1153128,2,Goran Bogdan,1.441
3306669,0,Anastasia Everall,0.1644
1046852,2,Marko Janketić,0.5416
228803,1,Sloboda Mićalović,1.0613
3374021,0,Senad Milanović,0.0596
1052858,2,Andrija Milošević,0.6379
1361869,2,Denis Murić,0.9273
1337,2,Tony Leung Chiu-wai,3.6009
121529,1,Léa Seydoux,3.0997
1502016,1,Luna Wedler,0.6858
4062998,2,Enzo Brumm,0.1985
41965,2,Sylvester Groth,1.0946
2189127,1,Yun Huang,0.1508
5376056,0,Luca Valentini,0.1693
2213431,1,Marlene Burow,0.3936
2978255,0,Felix Burose,0.1448
1814793,2,Eryk Kulm,0.6092
512079,1,Joséphine de la Baume,1.57
1555603,2,Victor Meutelet,1.168
2192,2,Lambert Wilson,1.6361
5650144,0,Theo Grundmann Brechet,0.1572
4322318,0,Przemysław Kowalski,0.155
90760,1,Karolina Gruszka,0.8886
1345430,2,Kamil Szeptycki,0.423
2458673,2,Michał Pawlik,0.324
2306044,1,Claudia Fortunato,0.0726
4841625,0,Juan Diego Massut,0.0214
4841626,1,Beluna Pizarro,0.0404
4841628,0,Cynthia Ferreyra,0.0338
3020226,0,Pablo W.J. Gómez,0.0441
3939295,1,Camila Castro Gimenez,0.0256
4138626,0,Uxía Suevos,0.0725
5541533,0,Nano Rivas,0.0
5697508,0,Mateo Rodríguez,0.0
81051,2,Tahar Rahim,2.4595
229932,1,Golshifteh Farahani,4.3371
4606127,1,Mélissa Boros,0.2438
583853,2,Finnegan Oldfield,0.731
3127864,2,Louai El Amrousy,0.2249
5036399,0,Ambrine Trigo Ouaked,0.0986
5697819,0,Zohra Benbetka,0.0362
180962,1,Fadila Belkebla,0.2484
5760773,0,Sofia Nait,0.0
17064,2,Ben Whishaw,3.2438
15556,1,Rebecca Hall,3.714
35254,1,Michèle Morgan,0.9778
25159,2,Pierre Renoir,0.203
94938,2,Saturnin Fabre,0.2302
143357,1,Gina Manès,0.4284
298274,1,Jenny Burnay,0.1692
94943,2,René Bergeron,0.4039
263123,2,Louis Florencie,0.4946
11541,2,Julien Carette,0.4712
586155,2,Anthony Gildès,0.1764
29384,1,Sheila McCarthy,1.3299
3114578,1,Natasha Mumba,0.3238
99181,1,Joanne Boland,0.8293
87575,2,Arnold Pinnock,0.9224
1456151,1,Shailyn Pierre-Dixon,0.419
3244448,3,Noah Lamanna,0.952
124912,2,Steven McCarthy,0.634
2782696,2,Idrissa Sanogo,0.2253
3796440,2,Cameron Nicoll,1.3253
113505,2,Kodi Smit-McPhee,1.8488
558925,2,Tucker Albrizzi,1.4572
1893,2,Casey Affleck,3.1288
54691,2,Christopher Mintz-Plasse,3.4578
41087,1,Leslie Mann,3.5433
60074,2,Jeff Garlin,2.6104
36802,1,Elaine Stritch,1.1163
1369,2,Bernard Hill,2.3116
8338,1,Jodelle Ferland,2.3558
3138436,0,Pedro Galocha,0.2114
5697462,0,Pepa Sofía,0.0
5311907,0,Jai Stephenson,0.0286
3120893,1,Sis,0.1531
4332453,0,Céline Jackson,0.0168
2418246,1,Nava Mau,0.7944
5413974,0,Maxi Zubi,0.0311
3280369,2,Elijah-Benjamin Macias,0.0338
5766360,0,Ben Stevenson,0.0071
5766362,0,Liam Sheard,0.0
5766653,0,Josh Taylor,0.0
5766654,0,Ben Williams,0.0
5766655,0,Cal Fawcett,0.0071
5766656,0,Ben Slight,0.0
5766657,0,Jacky Chen,0.0
5766659,0,Amelia Keane,0.0071
5766663,0,Dan Sherlock,0.0
5766666,0,Hugo Trantom,0.0
31647,1,Garcelle Beauvais,1.4418
112645,1,Marci T. House,2.2985
2839088,2,Devon Kenzo,0.1711
25877,2,Roger Cross,1.3776
1225906,1,Kelly-Ruth Mercier,0.6262
1216570,2,Darcy Laurie,0.7902
1223435,2,Toby Hargrave,0.8087
2437346,0,Lidia Veiga,0.1321
1864950,0,Adrián Ríos,0.0672
1534889,2,Denís Gómez,0.2389
5523015,0,Adrián Outeda,0.0
4773249,0,Marko Otero,0.0143
5523016,0,Anxo Solla,0.0143
5523017,0,José González Froján,0.0143
5523018,0,Marina Yuan,0.0
5523019,0,Mauri Costa,0.0
2580815,2,Hoang Anh Doan,0.0816
5438608,0,Tô Tiến Tài,0.0143
5438610,2,Bùi Thế Dương,0.0143
5438613,0,Lê Quỳnh Lan,0.0609
2580831,0,Dung Nguyen,0.0214
5637286,0,Thang Xuan Ngo,0.0143
5637287,0,Xuan Tiem To,0.0143
5637288,0,Thi Pham Nhung,0.0143
544492,1,Jana Vaculíková,0.0662
5637289,0,Thanh Vu Hoang,0.0
5203452,0,Lauren Koopawitz,0.0739
1155659,2,Jack Pearson,1.1916
4300589,2,David Margetts,0.083
5203466,0,Casmira Lorien,0.0297
5010639,0,Jasmine Hope,0.0429
5203469,0,Jono Darby,0.102
97698,1,Michelle Bauer,1.363
4479427,1,Bix Krieger,0.2689
2774453,1,Lisa Fanto,0.083
5629310,0,Faduma Ali,0.0071
5697553,0,Rocio Lema,0.0
5697557,0,Nacho Caeiro,0.0
5697560,0,Sara Rodríguez,0.0071
5697563,0,María García,0.0
5697566,0,Pablo Grela,0.0
1549905,1,Carmen Ramos,0.1459
4908111,1,Tsaya Esquivel,0.0143
4908112,1,Yael Albores,0.0352
2293347,0,Luis Fernando Zarate,0.0416
2308263,0,Carmen Rosas,0.0214
4072903,0,Juan Antonio Saldaña,0.0368
2304018,0,Daniel Lemus,0.0957
2006649,0,Louis David Horné,0.126
4908118,0,Jessica Lunet,0.0071
4908121,0,Ángel Amador Cedillo González,0.0071
2114682,2,Demián Salomón,0.5837
929045,2,Diego Cremonesi,0.3316
2211468,0,Alejandro Ruíz Díaz,0.0143
3624024,2,Guillaume Marbeck,0.1242
1059597,1,Zoey Deutch,3.6197
4620704,2,Aubry Dullin,0.1212
1126301,1,Alix Bénézech,0.787
3469206,2,Paolo Luka Noé,0.3795
24454,2,Tom Novembre,0.8813
54923,1,Jade Phan-Gia,0.273
2974312,2,Nicolas Dozol,0.0755
236616,0,Jean-Jacques Le Vessier,0.2731
2250217,2,Bruno Dreyfürst,0.0767
5063654,0,Cesar Junior,0.0143
1024806,2,Stefano Fresi,0.498
118586,2,Emilio De Marchi,0.6858
3193618,1,Sara Baccarini,0.0664
32563,2,Giovanni Capalbo,0.3086
129653,1,Elisabetta Pellini,0.4285
2421942,0,Teo Guarini,0.0362
2471224,0,Melanie Sussi,0.0404
5562388,0,Chanell Jones-Harris,0.0143
5562395,0,Jessica Pierson-Turner,0.0143
5562402,0,Malcom Thompson,0.0286
966102,1,Karen Baum,0.2282
930961,2,Marlon Williams,0.675
5651473,0,Oriane Zaphir,0.0
5651474,0,Yarden Tehila Holtzman,0.0
5651475,0,Israel Maoz,0.0071
5651476,0,Natalie Edri,0.0
5651478,0,Gadi Ben Shitrit Moyal,0.0
1757602,1,Sandra Escacena,0.6628
2638191,2,Claudio Portalo,0.2094
24980,2,Kandido Uranga,0.3953
1441976,1,Mala Rodríguez,0.2178
1663323,1,Apolonia Lapiedra,10.773
1062331,2,Asier Hernández,0.1722
2991110,0,Inge Ugarte,0.0589
137905,2,Bill Skarsgård,5.5904
1525047,2,Dacre Montgomery,2.611
91671,2,Colman Domingo,2.9145
1158,2,Al Pacino,3.9489
2130,2,Cary Elwes,2.9139
2673750,1,Myha'la,1.0797
19197,2,John Robinson,1.9598
5170801,2,D.J. Stroud,0.2886
5513053,2,Jackson Monks,0.1206
1863954,2,Neil Mulac,0.0777
4789163,0,Oleh Kibalnyk,0.0
2313619,2,Oleksandr Chornyi,0.0952
2583108,2,Vyacheslav Babenkov,0.1363
5119667,0,Dmytro Oskіn,0.0261
5770404,0,Geert-Jan Hobijn,0.0
1859194,0,Ekin Fil,0.0071
5770406,0,Şule Demirtaş,0.0
5596385,2,Julien Moreno,0.0071
5667150,0,Kai De-Rizzio,0.0
5667152,0,Cameron De-Rizzio,0.0
5667153,0,Kaya Mustafa,0.0
5667156,0,Geoffrey Chanza,0.0
5325503,2,John Finnan,0.0
2802376,2,Tom Aspinall,0.1845
2384368,2,Ciryl Gane,0.3692
2230212,1,Virna Jandiroba,0.1364
2023055,1,Mackenzie Dern,0.3777
2810379,2,Umar Nurmagomedov,0.0357
2934174,2,Mario Bautista,0.0735
1482431,2,Alexander Volkov,0.1015
3416658,2,Jailton Almeida,0.068
2931300,2,Aleksandar Rakić,0.0873
3463754,2,Azamat Murzakanov,0.0286
1470219,2,Doh Kyung-soo,1.0535
1916226,1,Won Jin-ah,1.5042
2256407,1,Shin Ye-eun,1.6775
573794,2,Bae Sung-woo,0.9346
2139736,2,Ahn Seung-gyun,0.7242
2256730,1,Kang Mal-geum,0.8909
87871,1,Kang Kyung-hun,0.8483
2117665,1,Kim Kyu-seon,0.6404
2240033,2,Im Sung-jae,1.2298
3257324,1,Kong Hyun-ji,0.2097
227189,2,Jericho Rosales,0.3722
1194784,2,Benjamin Alves,0.7652
1065168,2,Mon Confiado,0.2521
20508,2,Iain Glen,2.9255
1234526,2,Arron Villaflor,1.2817
1040553,0,Cris Villanueva,1.5075
1234471,2,Romnick Sarmenta,1.096
227251,1,Karylle,0.2325
1383664,2,JC Santos,1.6012
1139337,2,Jake Macapagal,0.2023
5313047,0,Marco Quintero,0.0071
4961540,2,JC Landown,0.0362
5361317,0,Kin Herrera,0.0071
4848531,2,Gio Zarate,0.0071
4954046,2,Maikee Portillo,0.0672
5460138,0,Jorge Vázquez,0.0071
5313043,0,Rodrigo Durana,0.0239
1302164,2,Josué Hermes,0.0752
71070,1,Amanda Seyfried,5.8445
1700685,2,Lewis Pullman,3.4753
1356758,1,Thomasin McKenzie,2.6051
213394,2,Matthew Beard,1.8425
984629,2,Christopher Abbott,1.611
1006136,2,David Cale,0.4463
1137823,1,Stacy Martin,2.061
32559,2,Scott Handy,2.0082
1493396,2,Jeremy Wheeler,1.1549
1462,2,Tim Blake Nelson,2.125
1986909,1,Rainbow Chan,0.1333
1580576,0,Stefan Singh,0.0965
1985753,0,Jason Klarwein,0.0925
5712113,0,Polly Ma,0.0593
1738301,1,Cate Feldmann,0.1595
1396648,0,Athenea Mata,0.2009
1634176,0,Claudia Fesser,0.0557
5143344,0,Maggie Balance,0.0
1617440,0,Pepe Jordana,0.0
5735831,0,Elsa Diaz,0.0
5678854,0,Đuro Đukić,0.0
5678855,0,Relja Isailović,0.0286
5678856,0,Konstantin Quentin Gvero,0.0658
5678858,0,Dušica Đurđev,0.0261
5678859,0,Strahinja Đurđev,0.0362
5678860,0,Dragana Srećkov,0.0143
5678861,0,Boris Radin,0.0214
5678862,0,Dušan Pekez,0.07
5678864,0,Ljubica Kmetović,0.0789
5678867,0,Nemanja Dokić,0.0071
3324819,0,Dean Lonsdale,0.0648
3226052,0,Robert Burkosky,0.0
3325012,0,Kaley Leblanc,0.0338
4285400,0,Kevin Martin,0.0
3324825,0,Brandi Strauss,0.0379
3324829,0,Dave Quirk,0.0071
3226044,0,Ian Rowley,0.0
3324821,0,Moira Mackinnon,0.0071
3324837,0,Arielle McCuaig,0.0071
3324831,0,Christian Stahl,0.0071
2390967,1,Manon Clavel,0.9403
1167055,2,Makita Samba,0.3278
2432596,0,Ethelle Gonzalez Lardued,0.0859
5372398,0,Suzanne Elbaz,0.07
1026092,2,Thomas Coumans,1.2469
1295194,1,Anaël Snoek,0.2749
1123354,1,Kadija Leclère,0.0858
20668,2,Bernard Blancan,0.4759
5703081,0,Caroline Faust,0.0575
126607,1,Véronique Dumont,0.0646
2124246,0,Lyubomir Bachvarov,0.1754
4509751,0,Kalina Staneva,0.0071
4509753,0,Katelina Kancheva,0.0261
1029847,1,Dianne Whelan,0.0379
5773810,0,Santino Resta,0.0
5773811,0,Julieta Palermo,0.0
4244263,0,Vilma Echeverría,0.0071
5773813,0,Edgardo Mollinelli,0.0
3021721,0,Virginia Garófalo,0.9897
5773815,0,Mayra Sánchez,0.0
4129054,0,Mayra Sánchez,0.0
556854,2,Lorenzo Crespi,1.0057
5773816,0,Guadalupe Aldaz,0.0
5773817,0,Miguel Ángel Bosco,0.0
1997022,0,Valter Hugo Mãe,0.0585
1177861,1,Laerte Coutinho,0.1822
43528,2,Hilmar Örn Hilmarsson,0.1104
4927095,0,Ralph Tung,0.0
1695389,2,Ricky Adelayitor,0.0988
4845851,0,Endurance Dedzo,0.0379
4308391,0,William Lamptey,0.0071
5697769,0,Kiki-Romi,0.0071
5697772,0,Abdulazeem Dulo Harris,0.0143
2569259,0,Adwoa Akoto,0.2229
1533161,2,Emmanuel Affadzi,0.9996
5697776,0,Emmanuella Gyan,0.0143
1295282,1,Johnny Sequoyah,1.5255
1571661,2,Troy Kotsur,0.9672
2600509,1,Jessica Alexander,2.0574
4979358,1,Victoria Wyant,0.5033
2745054,2,Benjamin Cheng,0.2408
3675179,0,Gia Hunter,0.641
2718121,2,Miguel Hernando Torres Umba,0.4236
1399750,1,Kae Alexander,0.7371
3645292,2,Tienne Simon,0.4219
4799831,2,Charlie Mann,0.2183
258,2,Gael García Bernal,2.1875
2304541,1,Ângela Ramos,0.0239
1076721,2,Ronnie Lazaro,0.4075
5400380,0,Amado Arjay Babon,0.0434
1055162,2,Dario Yazbek Bernal,1.8093
1204271,1,Hazel Orencio,0.6129
85148,2,Brontis Jodorowsky,0.5621
2313544,0,Baptiste Pinteaux,0.0286
1208617,0,Bong Cabrera,0.0769
2651372,0,Roger Alan Koza,0.0143
1792414,1,Cassady McClincy-Zhang,1.7647
1844055,2,Dempsey Bryk,0.9793
1122102,2,Dominic Bogart,0.6147
1141384,1,Lucy Walters,1.5055
1580404,2,Royce Johnson,0.7031
3968811,2,Joaopaulo Malheiro,0.0808
2729803,0,Elizabeth Stahlmann,0.0816
5283644,0,"Esther ""Ezi"" Zyskind",0.0954
4987875,1,Anire Kim Amoda,0.0998
5283646,0,Sam Katz,0.0071
1144092,2,Matt Johnson,0.8151
216057,2,Jay McCarrol,0.6373
1273512,2,Jared Raab,1.2226
1570400,2,Ben Petrie,1.3885
3341232,2,Ethan Eng,0.1443
1805216,0,Luke Lalonde,0.1116
1414759,2,Anthony Fantano,0.1908
5744686,0,Zach Gendron,0.0168
1232599,2,Matthew Maher,1.2568
5605724,2,Leonardo Escobedo,0.0
5605718,2,Aldo Betancourt Medellin,0.0
5605726,0,Rafael Mendez,0.0
5605717,2,Sebastian Gutierrez,0.0143
3382239,1,Magdalena Maścianica,0.1562
2070762,2,Michał Sikorski,0.4362
1618369,2,Bartłomiej Kotschedoff,0.816
1138735,1,Małgorzata Rożniatowska,0.5818
136682,2,Wojciech Machnicki,0.1392
1157939,1,Jolanta Wołłejko,0.1856
136612,1,Katarzyna Skolimowska,0.0524
4666965,0,Agnieszka Kudelska,0.0338
2203247,0,Antoni Syrek-Dąbrowski,0.0379
5527852,0,Sean Patrick Small,0.1193
1097533,2,George Basil,1.4658
1074677,2,Jonathan Park,0.3723
1689089,1,Andrea Bang,1.1124
81667,1,Jennifer Hale,1.8839
85143,1,Angela Sarafyan,2.3869
131867,2,Daniel Hendler,1.3845
10059,2,Vinícius de Oliveira,1.1992
145609,1,Alessandra Negrini,0.9411
4303772,0,Thaís Gullin,0.0916
2743264,0,Deborah Chenault-Green,0.1882
1965853,0,Patrick Webb,0.1424
3603748,0,Matthew Lolar,0.0143
2643146,0,Ricardo Islas,0.0482
1892298,0,Grover McCants,0.8284
5718622,0,ADREEE,0.0
5718624,0,Andrimama,0.0
1263401,2,Keiji Takayama,1.6344
1641700,2,Hiromu Takahashi,0.4748
2711423,2,Tatsuya Hayama,0.1674
1450198,2,Sho Tanaka,1.2162
1955450,2,Hirai Kawato,0.2258
1450197,2,Yohei Komatsu,0.1322
4895932,2,Jacob Austin Criger,0.1006
5377018,2,Templario,0.1231
2358038,2,Connor Deutsch,0.2658
4895946,2,Daiki Nagai,0.0495
1276869,2,Yujiro Kushida,0.3734
5283900,2,Yuki Yoshioka,0.0071
3247292,2,Kosei Fujita,0.2067
2049345,2,James McMath,1.6077
1263400,2,Yoshihiro Yamazaki,1.5668
1472180,2,Masato Onodera,0.1035
4241253,2,Rob Bell,0.1442
1283605,2,Taiji Ishimori,0.9678
1374518,2,Kyosuke Mikami,0.3541
5718730,2,Kuukai,0.0621
5272654,0,Gong Youbin,0.0071
7124,2,Ray Milland,2.661
4070,1,Grace Kelly,1.0883
7125,2,Robert Cummings,1.173
5182,2,John Williams,1.1036
7682,2,Anthony Dawson,1.0525
1217924,2,Leo Britt,0.2685
73980,2,Patrick Allen,1.2562
933880,2,George Leigh,0.2356
2781081,2,George Alderson,0.0996
87518,2,Robin Hughes,1.0178
5744266,0,Quinn Le Cren,0.0143
5744267,0,Lochlan Stevens,0.0071
5744269,2,Ty Ngaia,0.0071
5618947,0,Brock Oliver,0.0143
4203122,1,Rata Shaw,0.0214
5744276,0,Preena Patel,0.0071
5744298,0,Billie Deganutti,0.0071
4573627,1,Liz Wyatt,0.0286
1279250,2,Jonas Smulders,0.6146
1132631,0,Jurij Drevenšek,0.0605
111758,2,Christian Koch,0.325
5174993,0,Michael Morgenstern,0.0
1194214,2,Sam Quinn,0.5087
1446431,1,Emma Raimi,1.3443
4249744,2,David W. Rice,1.2967
3046997,0,Matthew Vorce,0.0621
3556450,0,Lestonja Diaz,0.1203
2227999,1,Wang Zhener,1.2382
3398668,1,Li Ping,0.2878
1501339,1,Li Yuan,0.5916
3188960,1,Lin He,0.0143
5120257,0,蔡子伦,0.0214
2768274,2,Joe Hunting,0.1197
5546100,0,Joseph Boisvert,0.0598
5546103,0,Matthew Sullivan,0.0214
5666848,0,Little Alpha Pup,0.0214
5546140,0,Pikapetey,0.0071
5546132,0,Tau of the Sun,0.0214
7317,2,Peter Sallis,1.6345
1283,1,Helena Bonham Carter,3.9764
7318,2,Peter Kay,1.0042
7319,2,Nicholas Smith,0.6641
7320,1,Liz Smith,1.1951
7321,2,John Thomson,1.0898
34546,2,Mark Gatiss,1.9424
127149,2,Vincent Ebrahim,0.5332
8326,1,Geraldine McEwan,1.6364
1257899,2,Kang Ha-neul,1.684
84996,2,Yoo Hai-jin,1.0872
1292971,2,Park Hae-joon,1.408
2239782,2,Ryu Kyung-soo,0.9664
3276709,1,Chae Won-been,0.4919
2441975,1,Kim Keum-soon,1.1106
3038166,2,Lim Sung-kyun,0.6435
1912573,2,Cho Wan-ki,0.5146
1346900,2,Kwak Ja-hyung,0.9369
58329,1,Jackie Quinones,1.4217
40481,2,Luis Guzmán,4.3685
74957,2,Andre Royo,1.3722
3183496,2,Salina EsTitties,0.1676
1999055,1,Jessica Pacheco,0.0937
1194194,1,Jennifer Bartels,0.3189
2533212,2,Henri Esteve,0.2307
1070193,2,Alberto Frezza,0.7553
102436,2,Russell Todd,0.694
5426462,1,Danielle Titus,0.0593
1497315,2,Bruno Oliver,0.5754
5750390,0,Leonard J. Moore II,0.0
112176,2,Bill Lippincott,0.1839
1330506,0,Jacquelyn Ritz,0.1036
5750394,0,Marc Santa Maria,0.0071
5750399,0,Alexander Masters,0.0
5750402,0,Angel Ramirez,0.0379
5750403,0,Chris Jimenez,0.0071
3823459,2,Jaquel Spivey,1.0131
2631149,2,Nina West,0.4112
2739748,2,Tómas Matos,0.2894
11152,1,Margaret Cho,1.477
1637781,3,Jack Haven,2.5426
1220768,2,Quincy Dunn-Baker,0.7028
212828,2,Cheyenne Jackson,1.0394
453,1,Riki Lindhome,2.5369
2059621,1,Dominique Jackson,0.6033
4407551,0,Gülşah Buktur,0.1524
1669669,2,Muttalip Müjdeci,0.5418
2761439,2,Özgür Cem Tuğluk,0.2049
150285,2,Engin Yüksel,0.5106
3748387,0,Aybars Kuday,0.0286
5763170,0,Gülcihan Mandan Sefer,0.0
5763172,0,Deniz Değirmenci,0.0143
3680361,0,Ezgi Bayramoglu,0.0286
5763173,0,Erkan Erdem,0.0
5763174,0,Celil Seçal,0.0
5242536,0,Jósbel Lobo,0.0143
5242537,0,Sofía Ciffoni,0.0071
5242539,0,Andreina Crepsac,0.0214
5242559,0,Oscar Belloso,0.0214
3976398,0,Rocky Shay,0.0912
3931015,0,Jessica Lea Risco,0.0414
3611133,2,Kian Morr,0.0751
5480034,0,Rett Keeter,0.161
1625683,1,Sallye Hooks,0.2874
5721136,0,Eliseo Arreola,0.0496
3156442,2,Maximilian Schmidt,0.1381
3098837,0,Sextia Neight,0.1655
4329664,1,Simone Harris,0.0214
5232964,0,Alyssa Frye,0.0
8784,2,Daniel Craig,3.3005
515,1,Glenn Close,2.9431
18973,1,Mila Kunis,4.3631
17604,2,Jeremy Renner,4.1337
11703,1,Kerry Washington,2.6762
1683343,1,Cailee Spaeny,3.2311
1829245,2,Daryl McCormack,1.7571
5094592,0,Bhushaan Manoj,0.0261
5094593,0,Suraaj Suman,0.0071
5094595,0,Jayshri Jagtap,0.0944
5223879,0,Dhananjay Jambar,0.0905
5223880,0,Sandhya Pawase,0.0256
4543233,0,Hemant Kadam,0.0533
5223883,0,Vidhya Joshi,0.0818
4513558,0,Ram Daund,0.0357
5375516,0,Harish Baraskar,0.0505
5483561,0,Rani Kasliwal,0.0071
111965,2,Keiichi Noda,0.6723
122566,1,Mako Hyodo,0.9575
70133,2,Jinpachi Nezu,1.708
1259143,1,Yunita Siregar,0.4123
1571809,1,Dinda Kanyadewi,0.3085
1124160,2,Tarra Budiman,0.3996
1336367,1,Nai Djenar Maesa Ayu,0.5588
2251141,1,Kawai Labiba,0.3727
4137347,2,Sulthan Hamonangan,1.7704
1825816,2,David Chalik,0.1867
1689546,2,Septian Dwicahyo,1.3411
3369271,2,Banon Gautama,0.1325
2278761,2,Eduwart Manalu,1.2974
4577933,2,Jan Dlouhý,0.0357
4894925,2,Ondrej Stupka,0.144
35116,2,Ivan Franěk,0.6415
4034167,1,Viktória Jurištová,0.1462
231246,2,Karel Dobrý,1.2234
1903721,2,Petr Klimeš,0.2298
1105211,2,Jiří Štěpnička,0.3373
107944,2,Jaroslav Plesl,1.2847
1175617,2,Radim Kalvoda,0.2087
2744223,2,Albín Medúz,0.0621
5403423,0,Banin Ahmad Nayef,0.1578
5403424,0,Sajad Mohamad Qasem,0.1163
5403425,0,Waheed Thabet Khreibat,0.1341
5403427,0,Rahim AlHaj,0.1029
5689670,0,Muthanna Malaghi,0.0676
5689671,0,Ahmad Qasem Saywan,0.0505
5689673,0,Thaer Salem,0.0214
5689674,0,Fatima Abouharoon,0.0689
5689675,0,Mohammed Rheimeh,0.0956
5689677,0,Rokia Alwadi,0.0071
5579610,0,Emily Scout,0.0
5579612,0,Luke O'Neill,0.0
5579615,0,Rijen Lane,0.0
5579616,0,Mali Dillon,0.0
5375369,1,Nadia Melliti,0.1451
3748717,1,Park Ji-Min,0.2471
5375376,0,Amina Ben Mohamed,0.0379
3498773,1,Rita Benmannana,0.0806
2244768,1,Melissa Guers,0.2103
5375389,0,Razzak Ridha,0.0856
2104529,0,Louis Memmi,0.089
3502418,0,Anouar Kardellas,0.1134
5375393,0,Waniss Chaouki,0.102
5375394,0,Madi Dembele,0.0168
5749351,0,Liubov Doroshenko,0.0
5749352,0,Yurii Ponurenko,0.0
5749353,0,Ihor Solovei,0.0
3873553,0,Pavlo Yurov,0.0
5749358,0,Maksym Chysliak,0.0
5150314,0,Yaryna Sizyk,0.0
5150315,0,Denys Ivaniv,0.0
4138649,0,Isabel Filloy,0.0143
4936376,0,Nicolás Tella,0.0143
588129,2,Federico Pérez Rey,0.5419
4936377,0,Alba Pose,0.0143
4936379,0,Paco Merlán,0.0071
4138619,0,Amalia Barreiro,0.0214
4936380,0,Susana Tella,0.0
4936381,0,Teo Fernández,0.0071
4936382,0,Martín Fernández,0.0
140,1,Lucy Liu,4.8487
5473638,0,Lawrence Shou,0.0871
1333452,2,Orion Lee,1.3298
1154564,1,Jennifer Lim,0.2166
1713726,1,Madison Hu,0.969
932116,2,James Chen,0.7989
2790026,0,Eleven Lee,0.1127
3755790,0,Anzi DeBenedetto,0.0327
205783,1,Susan Pourfar,0.8672
1800173,2,Jason Tottenham,0.2089
5770917,0,Allison Love,0.0
5770919,0,Fletcher Michael,0.0071
69489,1,Jasmine Trinca,1.1717
124754,2,Michele Riondino,0.9267
53422,1,Vittoria Puccini,1.436
134541,1,Francesca Reggiani,1.0485
5754491,0,Angelina Andrei,0.0
20589,1,Aurora Quattrocchi,0.3144
105868,2,Filippo Timi,0.5167
36592,1,Saoirse Ronan,2.7449
964792,2,Jacob Anderson,1.6442
77292,2,Sean Gilder,1.0887
195575,1,Rakie Ayola,0.8947
1546864,1,Kerry Howard,0.5764
1428461,1,Jaye Jacobs,0.264
2908794,1,Joanna van Kampen,0.095
1684519,2,Kirris Riviere,0.2399
3928816,0,Dorian Simpson,0.0336
2636359,2,Ryu Ichinose,0.3746
3067099,1,Ryoka Oshima,0.1418
5373571,0,Akito Fujii,0.0487
5045240,0,Laura Gallardo,0.0143
5045241,0,Lydia Garrido,0.0357
5045242,0,Andrea Sánchez,0.0261
5045243,0,Jesus Alfonso Mora,0.0071
4825973,0,Guillaume Capovilla,0.0404
5646749,1,Noémie Beaulieu,0.0261
4825995,0,Julia Martel,0.0143
5729190,0,William Doré,0.0143
2271531,2,Llimoo,0.184
2269715,0,Edu Escudé,0.0214
1470149,0,Sara G.,0.0856
2269767,0,Ginebra Vall,0.0423
4873760,0,Carles Tamayo,0.2527
1682793,0,Adrià Mondaray,0.068
1560365,2,Amir Bageria,0.2884
1228363,1,Olivia Scriven,1.3891
5579663,0,Muhammad Shofik Rias Uddin,0.0
5579664,0,Shomira Rias Uddin,0.0
2099828,1,Carol Macedo,0.1674
1475564,2,Felipe Hintze,0.2085
3434907,0,João Fenerich,0.053
1011370,1,Camila Morgado,0.5756
1590839,1,Pixie Le Knot,1.4712
4436639,0,Adrian Ramirez Leon,0.0143
5744530,0,Caitlin Swanton,0.0071
1474795,2,Joel Ballanger,0.1047
1782218,1,Leah Doz,0.5776
2210263,2,Augustus Oicle,0.1827
5648669,0,Nikola Conev,0.0071
5648671,0,Jana Coneva,0.0071
5648672,0,Aleksandra Coneva,0.0071
5648673,0,Aleksandar Conev,0.0
5648674,0,Ilina Coneva,0.0
5648677,0,Ile Stojkovski,0.0071
5648679,0,Stojco Filipov,0.0
4772717,0,Tomáš Dvořák,0.0357
1975339,0,Kristoffer Endresen,0.0721
2135521,1,Bára Anna Stejskalová,0.0214
5726386,0,Barbora Kindlova,0.0143
43661,2,Takeshi Kaneshiro,2.2036
940339,2,Sean Lau Ching-Wan,2.0527
56861,2,Tony Leung Ka-fai,2.0519
78875,2,Louis Koo,2.3512
74022,1,Gao Yuanyuan,3.5981
944055,2,Alex To,1.4931
1035980,1,Nina Paw Hei-Ching,2.244
548616,2,Wilson Lam Chun-Yin,1.5081
238973,2,Lowell Lo Koon-Ting,1.8554
1897341,1,Jiang Peiyao,3.4146
1636319,0,Annick Cornette,0.0264
585019,2,Gaëtan Wenders,0.1079
2842063,2,Thorian Jackson De Decker,0.1054
4999724,0,Fien Lanckriet,0.0
4485229,0,Monica Patteson,0.0
4485223,0,Shardae Santos,0.0753
4296501,2,Connor Pullinger,0.0655
1321953,1,Jacquy Phillips,0.0976
4328335,0,Jarrah Murphy,0.0261
3701772,0,Hebe Sayce,0.0071
4567745,0,Jordy Pollock,0.0538
4296498,0,Tom Lawrence-Doyle,0.0362
2636,2,Alfred Hitchcock,3.1491
3681,1,Alma Reville,0.419
2638,2,Cary Grant,1.9016
1076710,1,Elsa Lepoivre,0.6577
5724979,0,Lee Seul,0.0071
5724981,0,Yang Jung-hwa,0.0071
1197936,0,Sam Dixon,0.0214
4294220,0,Jim O'Leary,0.0143
3860308,0,Kate Dillon,0.0193
5143866,0,Peter Tkacz,0.0143
5143869,0,Connor Kenny,0.0143
5143867,0,Colin Collins,0.0143
4991633,0,Fiarrah Poole,0.0143
5143816,0,Hope Trinh,0.0071
5143817,0,Iris Hinchcliffe,0.0362
5143821,0,Celeste Hinchcliffe,0.0
550843,1,Elizabeth Olsen,4.5844
996701,2,Miles Teller,3.1856
1371041,2,Callum Turner,3.9736
1180099,1,Da'Vine Joy Randolph,1.5724
52462,1,Betty Buckley,1.3441
1542758,2,John Early,0.8249
53937,1,Olga Merediz,0.972
3263366,1,Kristina Capati,0.5078
3295317,1,Olga Petsa,0.3991
1828125,1,Panta Mosleh,0.6491
21688,1,Bae Doona,2.0728
75912,2,Kim Yun-seok,1.7627
2519070,2,Chang Ki-ha,0.3613
2035488,2,Son Suk-ku,2.354
240948,2,Moon Sung-keun,1.3344
550683,2,Kim Hie-won,1.0025
1254981,1,Oh Hyun-kyung,1.1082
1607570,2,Min Jin-woong,1.1517
2084416,1,Yeom Hye-ran,1.5264
1303873,1,Jenna Kanell,0.6831
4135763,0,Vance Kanell,0.0616
1737507,0,Danielle Lyn,0.2946
3513743,2,Jason Francisco Blue,0.1813
1046665,2,Joshua Mikel,1.8575
3884616,0,Mikey Manschot,0.1174
1579625,2,Robert Walker Branchaud,1.4
1099303,1,Erin Day,0.1622
118178,1,Virginie Efira,2.6958
14606,2,Albert Dupontel,1.1582
78421,2,Nicolas Marié,1.1073
82288,2,Jackie Berroyer,0.7397
113603,2,Philippe Uchan,0.5305
1075115,2,Bastien Ughetto,0.4186
2409322,1,Marilou Aussilloux,0.5007
20082,2,Michel Vuillermoz,0.7105
28675,2,Laurent Stocker,0.7208
280,2,Terry Gilliam,2.2233
5599995,0,Sam DeRose,0.0143
5759283,0,Ava Halter,0.0
5594697,0,Joe Latteo,0.0
5759284,0,Shaun Brothers,0.0
5679121,0,Sienna Jeffries,0.0071
5599994,0,Amy Loveless,0.0071
5594684,0,Allison Morley,0.0143
2874037,1,Eden Harper,0.1634
3746991,0,Robert Hadlock,0.0923
1903772,1,Courtney Dietz,1.4153
1473957,2,Michael Aaron Milligan,1.1364
4055045,0,Cyle Winters,0.0466
2835527,0,Bailey Sloan,0.0568
1737508,1,Alexandra Ficken,0.7666
1515510,1,Melissa Saint-Amand,0.9107
2669542,2,Jonathon Pawlowski,0.342
2496576,2,Richie Koh,0.6105
146114,1,Hong Huifang,0.1745
586486,2,Johnny Lu,0.6511
1776779,2,Charlie Goh,0.1835
3065218,1,Cheryl Chou,0.2297
225411,2,Mark O'Brien,1.2939
1470351,1,Janet Porter,0.6803
476556,2,Adam Tsekhman,0.7506
3258580,1,Mojeane Sadr,0.1167
55589,2,Shaun Benson,1.3543
1847915,1,Humberly González,1.9518
141217,2,David Reale,0.7977
96792,2,Robert Buckley,2.6416
1292329,1,Kimberley Sustad,2.3754
3962163,1,Katie Stone,0.0956
5385067,0,Robert Bateman,0.0404
5385069,0,Bristol Foster,0.0
110364,2,Itay Tiran,1.3127
72782,2,Toni Servillo,0.7899
132844,1,Anna Ferzetti,1.1565
110797,2,Massimo Venturiello,1.0389
1312428,1,Milvia Marigliano,0.3764
1277390,2,Orlando Cinque,0.5329
1922417,0,Giuseppe Gaiani,0.0687
4955864,0,Giovanna Guida,0.0956
1871752,1,Alessia Giuliani,0.3813
263002,2,Roberto Zibetti,0.4666
1448630,1,Linda Messerklinger,0.3053
2773961,0,Shaylee Atary,0.0286
3318312,0,LeeOz Levy,0.0662
3838140,0,Tomer Machloof,0.1306
5750068,0,Tim Johnson,0.0
5750069,0,Malik Bacchus,0.0
5750071,0,Jayden Mayo,0.0
5750072,0,Tristian Williams,0.0071
20332,2,Kaoru Kobayashi,2.0981
1186981,2,Junki Tozuka,0.9384
100765,1,Hikari Mitsushima,2.1905
237362,1,Yoshiko Miyazaki,1.6826
120434,2,Pierre Taki,3.4674
2722609,2,Hideaki Murata,0.4705
216448,2,Hiroki Yasumoto,2.2939
1388751,2,Soma Saito,1.8265
3536483,2,Kouta Nakayama,0.2006
1256603,2,Natsuki Hanae,3.7611
5698557,2,Oliver Paton,0.0404
5698558,0,Charlton Tarimo,0.0954
5698559,0,Amanda Stenbaek,0.0789
5721419,0,Arturo Arnold,0.0
4742198,0,Salvador Oliva,0.057
4047606,0,Pedro Orell,0.0327
4578112,0,Toni Gelabert,0.0
4589506,0,Caterina Llabrés Massanet,0.0379
5729242,0,Francesc Pericas,0.0
5188884,1,Seo Su-bin,0.1724
2158882,1,Chang Hyae-jin,1.294
5581948,2,Kim Jeong-sik,0.1235
2956508,1,Kang Chae-yun,0.1336
5581952,2,Lee Jae-hee,0.0627
5581839,2,Kim Yea-chang,0.161
1787992,1,Go Min-si,1.072
1374543,1,Lee Sang-hee,1.0992
39258,2,Lee Dae-yeon,1.2903
107751,2,Kim Suk-hoon,0.3594
2370049,0,Yevheniya Nepytaliuk,0.0621
2759839,2,Ihor Koltovskyi,0.1452
5771195,0,Skye,0.0
5771199,0,Skye,0.0
5771200,0,Skye,0.0
5771201,0,Skye,0.0
1432542,0,Sergio Berón,0.0389
1109315,1,Paula Carruega,0.1925
1432547,0,Pilar Boyle,0.1547
1387,2,Artur Barciś,0.5008
136661,1,Alina Chechelska,0.0807
1202494,1,Sylwia Boroń,0.0791
3253726,2,Dawid Ptak,0.2589
4754688,0,Dariusz Obodzień,0.0239
1501778,2,Filip Kosior,0.1856
1120572,1,Tali Sharon,0.6087
584171,2,Yiftach Klein,0.23
3166784,0,Ariel Schwartz,0.0732
5710164,0,Amir Meyuhas,0.0
5710165,0,Roni Orgad,0.0
5006829,0,Lampros Giannakos,0.0684
5006836,0,Evaggelos Papigkiotis,0.0168
5006839,0,Antonis Akrivis,0.0143
5006840,0,Pavlos Ferentinos,0.0143
1083266,2,Herbert Nordrum,0.695
574243,2,Hans Olav Brenner,0.7978
1479227,1,Helene Bjørnebye,0.0835
99056,2,Vidar Sandem,1.3089
1479362,1,Maria Grazia Di Meo,0.5534
3267200,0,Lasse Gretland,0.1091
3267201,0,Karen Røise Kielland,0.1271
2108561,1,Marianne Krogh,0.1207
509344,2,Luca Marinelli,2.0864
5183185,0,Juli Grabenhenrich,0.0732
2841737,2,Arturo Gabbriellini,0.3039
5183188,0,Joy Falletti Cardillo,0.0421
5183187,0,Gaia Rinaldi,0.0522
51102,1,Annelise Hesme,0.9679
16374,2,Stéphane Debac,0.4197
76826,2,Sam Karmann,0.3884
67902,1,Sophie Guillemin,1.0978
971262,1,Ophélia Kolb,1.0031
142448,2,Husky Kihal,0.3201
1578442,2,François-Dominique Blin,0.2714
193450,1,Manoëlle Gaillard,0.3165
1909815,2,Jean-Marc Rousseau,0.0759
1375679,2,Tristan Robin,0.2439
5396666,0,Ariel Bronz,0.102
507837,1,Efrat Dor,1.3128
1622950,1,Naama Preis,0.3054
113332,2,Aleksey Serebryakov,1.4343
90201,1,Sharon Alexander,0.3007
5453962,0,Pablo Pillaud-Vivien,0.0941
1163335,1,Idit Teperson,0.0679
5456167,0,Shira Shaish,0.1273
5750789,0,Chris Aboubacar Hanta Traoré / SK 07,0.0168
147042,2,Thomas Ngijol,1.1388
578512,2,Marc Zinga,0.7475
1183007,1,Annabelle Lengronne,0.6952
5573979,2,Christian Di Leo,0.0362
121456,2,Sidney Santiago,0.2974
1714046,1,Vaneza Oliveira,0.3178
5374666,0,Acauã Kiese,0.0143
2698691,1,Wang Yu Ping,0.2709
2042177,2,Spark Chen,0.9484
33192,2,Joel Edgerton,2.9966
4577703,2,Everett Blunck,0.2865
4998514,0,Lucas Adler,0.0423
3088912,0,Kenny Rasmussen,0.081
4998515,0,Kayo Martin,0.0453
4998517,0,Kolton Lee,0.0143
4998518,0,Caden Burris,0.6829
3818255,2,Elliott Heffernan,0.2112
5638556,0,Lennox Espy,0.0544
3120512,2,Motaz Malhees,0.4725
4813228,1,Saja Kilani,0.0997
764,2,Amer Hlehel,0.3612
41645,1,Clara Khoury,0.6353
5740784,0,Nesbat Serhan,0.0944
2112859,1,Han So-hee,1.7231
1937533,1,Jun Jong-seo,1.9805
3038410,1,Kim Shin-rock,0.8848
2463266,1,Jung Young-ju,1.1984
1985544,2,Lee Jae-kyoon,0.9393
1916087,2,Kim Sung-cheol,1.5469
1966740,1,Yoo Si-ah,0.3544
5579472,1,Park Bo-in,0.0362
5579477,2,Seo Wu-joon,0.0802
565373,2,Juan Pablo Shuk,0.4601
5393902,0,Ángela Gascón,0.0286
210126,1,Michaela McManus,1.9387
4909516,1,Stella Marcus,0.0407
1595506,2,Jeremy Holm,0.7082
1416383,2,Jim Cummings,0.6265
1590305,1,Taylor Misiak,0.5987
81462,1,Dendrie Taylor,1.8474
1236002,2,Derick Alexander,0.2416
2578610,2,Raphael Chestang,0.3488
168331,1,Debra Christofferson,1.0519
2182164,1,Minita Gandhi,0.1814
64454,2,Ki Joo-bong,0.7668
2828742,1,Lucie Zhang,0.5447
2547327,1,Sonia Yuan,1.1596
2746785,2,Ramzi Bashour,0.0621
5176665,0,Keisuke Asano,0.0261
2272625,2,Hudson Oz,2.2297
1269910,1,Wai Ching Ho,1.4673
3023549,0,Yuki Kawahisa,0.0143
2640047,0,Emily May Jampel,0.334
4936068,0,Eliot Coupy,0.0143
5744941,0,Pantxoa Gibert,0.0071
5041098,0,Clara Brettes,0.0286
5406464,1,Lucie Merle,0.0143
5532041,0,Elisa Testa,0.0143
5744947,0,Antoine Navarre,0.0071
2034251,2,Angga Yunanda,1.7219
2273538,1,Shenina Cinnamon,0.5821
2021578,2,Anjasmara,0.74
1157390,2,Teuku Rifnu Wikana,1.0518
1826302,2,Totos Rasiti,0.3685
1830161,2,Andri Mashadi,1.1044
3060088,2,Nagra Kautsar Pakusadewo,0.1365
2138500,2,Kiki Narendra,1.4477
4291956,0,Rizky Inggar,0.0214
1001667,2,Verdi Solaiman,0.608
4206603,1,Reiyo Matsumoto,0.7578
129702,1,Hikaru Yamamoto,1.244
1237852,1,Rina Koike,1.1527
3663524,1,Nene Shida,0.4021
2415162,1,Hikari Kabashima,1.0583
1186980,1,Makoto Okunaka,1.1883
4878656,1,Machi Chitose,0.3067
4864799,1,Fumi Taniguchi,0.1435
1161468,1,Arisa Komiya,1.5338
2959275,1,Amane Tensho,0.0286
5414209,0,Joe Boyd,0.0
1649055,1,Yeo Min-jeong,0.3433
5357224,0,Hwang Dong-hyun,0.0071
3355025,1,Jang Ye-na,0.3089
5385506,2,Choi Seung-hoon,0.0071
3350095,1,Jeon Hae-ri,0.2819
4703167,0,Kim Ji-yul,0.0509
4336666,2,Rui Pedro Silva,0.1167
213290,1,Leonor Silveira,0.4665
544601,2,João Arrais,0.1796
588809,1,Ana Moreira,0.9575
130715,2,Diogo Dória,0.4382
5171415,2,Paul Williams Donovan,0.062
5599505,0,Gloria Bedoire,0.0214
5599507,0,Diana Vaz,0.0143
4944262,0,Gonçalo de Morais,0.0877
5051606,0,Fernando Emanuel Pinheiro,0.045
2078756,2,Shahine El-Hamus,0.3262
2152137,2,Daniël Kolf,0.4514
2176628,1,Sinem Kavus,0.7634
1676581,1,Stephanie van Eer,0.4319
1896680,0,Oscar Aerts,0.2421
1272029,2,Jim Deddes,0.2621
1889858,0,Défano Holwijn,0.3423
5148506,0,Hef Bundy,0.0563
1365650,1,Loes Schnepper,0.2887
1248644,2,Michiel Romeyn,0.379
10139,1,Leni Riefenstahl,0.442
1144713,0,Horst Kettner,0.2493
10279,2,Adolf Hitler,1.2475
1090808,2,Joseph Goebbels,0.5732
1219975,2,Albert Speer,0.2666
10280,2,Rudolf Hess,0.3017
2298118,2,Hansjürgen Rosenbauer,0.1366
5025457,0,Elfriede Kretschmer,0.1147
45879,1,Dany Sigel,0.1152
225233,2,Wolfgang Hübsch,0.4203
5738384,0,Juliana Cadavid,0.0071
5738387,0,Alejo Picon,0.0071
4776994,0,Paula Barreiro,0.0143
1564419,1,Nanoka Hara,2.6137
1256882,2,Hokuto Matsumura,1.4922
110058,1,Eri Fukatsu,1.9972
1018944,2,Shota Sometani,2.24
1732483,1,Sairi Ito,2.0042
3661042,1,Kotone Hanase,2.3182
119143,1,Kana Hanazawa,2.7888
228527,2,Matsumoto Hakuō II,0.717
225730,2,Ryunosuke Kamiki,1.8179
3936012,1,Ann Yamane,0.0286
1252995,1,Saki Fujita,2.1276
1253023,1,Asami Shimoda,1.1894
148449,1,Yuu Asakawa,2.2286
2405530,1,Meiko Haigou,0.4595
4856392,2,Naoto Fuuga,0.6162
2415366,1,Ruriko Noguchi,1.0732
1922612,1,Karin Isobe,1.1464
1452028,1,Reina Ueda,3.1706
2140829,1,Yuki Nakashima,1.4848
1057990,1,Yui Ogura,2.1553
5042368,0,Tobiasz Wajda,0.1165
5042369,0,Bruno Błach-Baar,0.0659
5042370,0,Mikołaj Juszczyk,0.081
5042372,0,Filip Juszczyk,0.1711
3407703,0,Daria Kalinchuk,0.1449
2745254,1,Kamila Urzędowska,0.8888
980177,2,Tomasz Schuchardt,1.117
589434,2,Sławomir Orzechowski,0.2293
3454006,0,Artur Paczesny,0.1997
1548600,2,Pauli Janhunen Calderón,0.0709
4829317,2,David Anghel,0.0214
1548704,2,Okan Akdag,0.0368
5462997,0,Kevin Jimenez Bernal,0.0071
1548619,1,Rebecka Andersson,0.08
5462999,0,Aina Schubert,0.0
5463000,0,Pel Lindberg,0.0
1593589,2,Daniel Abreu,0.1155
1794118,2,Navid Ghaffarpour,0.0281
3834779,2,Emilio Janhunen Calderón,0.0286
2318116,0,Paloma Álvarez,0.0143
2318117,0,Ariel Aguirre,0.0143
942216,1,Susana Pampín,0.4156
937256,0,Gustavo Cornillón,0.121
2318120,0,Pablo Cairo,0.0071
4670108,0,Alishah Farhang,0.0214
4670109,0,Mujtaba Hussaini,0.0261
4670110,0,Hussain Ali Nazari,0.0286
1260481,1,Greta Lee,6.4581
1508173,2,Edmund Donovan,1.1541
1455785,2,Stephen Badalamenti,0.2618
1232496,2,William Hill,1.2234
1831647,2,Michael Everett Johnson,0.4944
3209937,0,Clay Singer,0.1063
2053464,0,Dan Jablons,0.2839
47640,2,Clark Johnson,1.0979
2126167,2,Luca Padovan,0.7321
5710634,0,Rick Canty,0.0
4829129,0,Elise Celestia,0.0404
5280568,0,Tara Salakoski,0.0143
3806215,0,Kari PJ Ketonen,0.0168
5280569,0,Maarit Koskinen,0.0214
123879,2,Matt Nable,1.664
1212871,2,Thomas M. Wright,0.8571
3047804,2,Joe Bird,1.1771
228704,1,Deborah Mailman,1.4265
150396,2,Erroll Shand,0.8091
61639,2,Jason Chong,0.3269
105836,1,Anni Finsterer,0.8411
61637,0,Ferdinand Hoang,0.34
3014802,0,Pedrea Jackson,0.1164
1887855,1,Natassia Gorey Furber,0.0935
5672064,1,Jelita Zahra,0.0737
5675464,1,Jihaan Aziizah,0.0714
5479392,0,Ellise Roth,0.0264
5479393,0,Callum Buckley,0.0387
5447882,0,Michele Di Tomasso,0.0739
5479394,0,Brad Foisy,0.0143
4785309,2,Savio Joseph,0.0143
5479395,0,Heidi Richards,0.0143
5714812,0,Neil King,0.0
2513991,0,Laura Hamisultane,0.048
1853909,1,Danielle Deadwyler,2.4977
60199,1,Okwui Okpokwasili,0.8774
2170322,2,Peyton Jackson,1.2574
4697723,1,Estella Kahiha,0.3233
5477215,0,Chad Pitter,0.2849
21200,2,Will Arnett,2.8784
4784,1,Laura Dern,2.9949
1658802,1,Andra Day,1.0774
51329,2,Bradley Cooper,3.6879
4003,1,Christine Ebersole,1.2967
8785,2,Ciarán Hinds,3.5609
52601,2,Sean Hayes,1.8258
12110,1,Amy Sedaris,2.4746
4163392,1,Chloe Radcliffe,0.4683
2526560,0,Scott Icenogle,0.2166
5763967,0,Thomas Cecere,0.0
5763968,0,Jonah Martin,0.0
5763971,0,Dane Chodos,0.0
5763959,0,Owen Ortiz,0.0071
5763965,0,Gabriel Kashansky,0.0
5763963,0,Adrian Montes,0.0
1929194,2,Hong Kyung,2.3666
3218480,1,Roh Yoon-seo,1.3049
2117360,1,Kim Min-ju,0.6369
3888949,2,Jung Yong-ju,0.6523
1237913,1,Jeong Hye-young,0.5825
2273915,2,Hyun Bong-sik,1.3109
4011313,2,Go Gyeong-man,0.2123
2437713,2,Jang In-ho,0.1268
4025433,1,Ha Seung-yeon,0.1802
4824278,0,Gaia Garibaldi,0.0239
4894474,0,Andrea Requena,0.0143
5723779,0,Julieta Cernadas,0.0071
1476095,1,Olga Valdez,0.0582
1676666,2,Héctor Aníbal,0.4401
4152933,0,Fery Cordero Bello,0.0143
4157469,0,Dominique Goris,0.0286
4830117,0,Elsa Núñez,0.0168
3090228,0,Fidia Peralta,0.0214
4830118,0,María Rebecca Dalmasí,0.0286
4830119,0,Lill Taveras,0.0389
4830121,0,Cesar Calcagno,0.0379
1380973,2,Ricardo Ariel Toribio,0.1235
974270,2,Jung Woo,1.0035
1330423,2,Kim Dae-myung,1.2812
564844,2,Park Byung-eun,1.3998
1750380,2,Cho Hyun-chul,1.2981
1171951,2,Jung Hae-kyun,1.4188
1387126,2,Teo Yoo,0.9754
1087043,2,Baek Soo-jang,0.8438
1128004,2,Yoo Seung-mok,1.8431
552570,2,Kim Yoon-sung,0.3969
1464070,1,Im Hwa-young,0.5262
2777221,2,Paul Noonan,0.1137
3194813,0,Jeff Blanchette,0.3413
4810653,0,Julia Tutko-Balena,0.0596
1541719,0,Aurora Grabill,0.1645
1603022,1,Diana Porter,0.2967
5687705,0,Maarcos Gonzales,0.0071
5687700,0,Ruben di Groovie,0.0
3818465,0,Pablo Fontenla,0.0071
5687708,0,Érica Lewis,0.0071
5687709,0,Diego Mina Botieso,0.0
1655675,1,Bee-Be Smith,0.8896
5251291,0,Armani Greer,0.0071
3758858,0,Charles L. Smith II,0.0857
4318737,0,Thomas Copeland Jr.,0.1154
5251296,0,Cecelia Friday,0.0143
5603056,0,"Chaine ""CJ Fly"" Downer",0.0
2025945,1,Agata Turkot,0.6199
566101,1,Agata Kulesza,1.0212
1650385,1,Maria Sobocińska,0.4422
3385718,2,Łukasz Gawroński,0.1643
127852,2,Arkadiusz Jakubik,0.5145
136588,1,Magdalena Smalara,0.2555
5383839,0,Nadia Samagalska,0.0281
1095650,1,Julia Kijowska,0.2441
1580848,2,Michał Czernecki,0.6046
1024395,2,Don Lee,3.4307
1471054,1,Seohyun,1.234
557133,2,David Lee,1.1169
1206963,1,Gyeong Su-jin,1.1711
1418762,1,Jung Ji-so,1.5428
2485848,2,Choi Gwang-il,0.6136
1243892,2,Ryu Seung-su,1.3393
2431103,1,Jeon Ik-ryoung,1.0892
1968440,2,Song Yo-sep,0.5737
3443107,1,Park Ock-chool,0.2245
4544635,2,Jacques Hnizdovsky,0.0071
2372146,0,Imri Sagi,0.0719
5745191,0,Bandon Kenn,0.0
5745192,0,Noga Arbel,0.0
3677275,0,Penelope Sangiorgi,0.0214
3698229,2,Matteo Pasquini,0.1149
1880100,1,Francesca Vettori,0.1746
1882002,1,Donatella Bartoli,0.142
4849782,0,David Ajayi,0.0431
3228786,2,Simone Valentino,0.0071
4281772,0,Igor Toniazzo,0.0
5619848,0,Andrea Caldi,0.0168
4599140,0,Sasa Cabalquinto,0.0214
2963587,0,Bruce Venida,0.0214
3969030,0,Nathan Carreon Lim,0.0071
1463931,2,Ekin Koç,1.6503
1778499,2,Erkan Kolçak Köstendil,0.7448
1086261,1,Hazar Ergüçlü,1.275
87224,2,Ercan Kesal,1.0604
233170,2,Serhat Nalbantoğlu,0.2978
1726015,1,Aysan Sümercan,0.1815
3693939,1,Selen Kurtaran,0.2653
2375399,1,İpek Türktan,0.3685
5579062,0,Sertan Müsellim,0.0413
5579063,0,Onur Tanyeri,0.0071
5749858,0,Shirley Easterwood,0.0
5748822,0,Tena Redding,0.0
25072,2,Oscar Isaac,4.796
6885,1,Charlize Theron,4.6927
56734,1,Chloë Grace Moretz,5.8313
208519,2,Nick Kroll,2.6879
19767,2,Snoop Dogg,2.7086
73931,1,Bette Midler,1.9324
19,1,Allison Janney,3.2058
519,2,Martin Short,3.7279
11514,1,Catherine O'Hara,3.9754
4411615,0,Adam Walkiewicz,0.1004
5526631,0,Dominik Olszański,0.0445
5705605,0,Christy Dodson,0.0871
5217700,0,Anna Alimani,0.0214
5729796,0,Jackie Vlahos,0.0071
3107162,0,Cliff LoBrutto,0.0143
5409414,1,Rachel Lynch,0.0522
5729798,0,Michael Baum,0.0338
5729799,0,Christina Kiss,0.0143
5729800,0,Adam Kiss,0.0338
3817562,0,Patrick Heraghty,0.0352
20879,1,Kate Burton,1.7472
1157294,1,Colby Minifie,1.5696
136295,2,Neil Sandilands,1.0653
103804,2,Vaughn Armstrong,0.6769
1792852,1,Mia Ellis,0.117
1163622,2,Pete Ploszek,1.1168
1367249,1,Chelsea Alden,0.8194
1373625,1,Riley Rose Critchlow,0.373
1522303,1,Lola Kelly,0.6004
4905567,0,Alaina Pollack,0.0696
5628609,2,Daniel Cuaron,0.0071
5628612,0,Don Erikson,0.0256
5628655,0,Alyssa Reyes,0.0214
5628656,0,Ever Cook,0.0362
5628657,0,Paris Valcinus,0.0071
5615275,2,Landon Konop,0.0168
5628659,0,Alex Larinua,0.0143
5628660,0,Jerry Medina,0.0143
5258573,0,Jerry Medina,0.0143
5628588,0,Evan Jackson,0.0071
1833068,2,Lin He-Hsuan,1.1194
2831852,2,Pan Chin-Yu,0.2924
1396466,1,Belinda Washington,0.1963
5748976,0,Vanessa Margó,0.0071
2383380,0,Elena Vilaplana,0.1393
1839290,0,Ángel Roldán,0.0193
5748979,0,Marcos Llobet,0.0071
4301919,0,Sandra Pece,0.0256
5748980,0,Ana Álvarez Carmona,0.0496
5748981,0,Nico Gotor Se,0.0143
5748984,0,Tania Ramos,0.0496
4576158,2,Albert García,0.0454
42125,2,Milton Gonçalves,0.4697
10061,2,Othon Bastos,0.4553
326448,1,Maria Ceiça,0.2737
1584335,0,Haroldo Costa,0.0646
1197396,2,Jorge Coutinho,0.1804
582970,2,Antonio Carlos da Fontoura,0.1402
2144590,1,Maria de Médicis,0.0698
550442,2,Juca de Oliveira,1.3707
1546508,0,Ginaldo de Souza,0.0261
1130505,2,Cosme dos Santos,0.1991
109434,2,Huang Xiaoming,2.0516
238974,1,Lu Hsiao-Fen,0.6337
1161019,2,Zu Feng,1.0418
1276628,1,Yang Caiyu,0.9097
24011,2,Jia Zhangke,1.3803
71049,2,Li Yang,0.2515
99692,2,Liao Fan,1.5201
3763544,2,Zhang Qi,0.3743
4007882,2,梁植,0.0614
2231117,2,Shaogang Zhang,0.6918
5691385,0,Varela Jose,0.0071
5772035,0,Pablo Ramos,0.0
5673201,0,Alyssa Wexler,0.0143
5755879,0,Adelle Tucke,0.0143
1334169,1,Allison Egan,0.2473
87967,2,James L. Edwards,0.2603
103841,2,David C. Hayes,0.9481
5755880,0,Ian Glassford,0.0071
5755881,0,Loushaunce,0.0143
5755882,0,Jeremy White,0.0214
3102564,0,Matt Jefferson,0.0261
5755883,0,Ondi Kaye,0.0143
929574,2,Joo Won,1.1924
1155298,2,Kwak Do-won,1.3158
1336804,2,You Chea-myung,1.2665
1246517,1,Lee You-young,0.8627
573792,2,Kim Min-jae,1.0723
1856377,2,Oh Dae-hwan,0.8299
1254630,2,Lee Jun-hyuk,1.2131
93996,1,Jang Young-nam,1.7045
2152487,2,Hwang Sung-joon,0.2704
1112238,1,Heo Jin,0.5564
5772050,0,Roberto Cid,0.0
5772051,0,Malena Vásquez,0.0
2522021,0,J.J. Perez,0.0297
4970493,0,Alberto Outeiriño,0.0143
1508922,2,Seymour Hersh,0.1802
4365742,2,Mateo Bouzada,0.0071
5428277,0,Miguel Ramos,0.0
4365745,0,Gustavo Lorenzo,0.0
5428280,0,Roberto Blanco,0.0
5428281,0,Victoria Arnáu,0.0
4201890,2,Kieran Connor,0.1744
2013546,2,Owen Llewelyn,0.0482
4991055,0,August Porter,0.0239
5000807,0,Maximus Polling,0.0311
4265861,0,Jasmine Kheen,0.1204
4435695,2,Bruno Cryan,0.1861
5001603,0,Mia Dowd,0.0894
4082453,1,Meghan Adara,0.2385
5005650,0,Lee Saunders,0.0479
5005653,0,Dominic Frost,0.0071
132429,1,Aïssa Maïga,0.6828
3925337,1,Laëtitia Ky,0.0988
4487775,0,Déborah Naney,0.0256
134100,0,Mohamed Grayaâ,0.0571
5403554,0,Foued Zaazaa,0.0623
5403553,0,Estelle Dogbo,0.0357
5403555,0,Touré Blamassi,0.0311
4487774,0,Sophie Tankou,0.0214
571172,2,Park Jeong-min,0.8383
554945,2,Kwon Hae-hyo,1.1079
1254975,1,Shin Hyun-been,1.0941
2987023,1,Han Ji-hyeon,0.7449
577397,2,Kim Jae-rok,1.6213
2185339,1,Joo Hae-eun,0.4253
2078412,1,Won Mi-won,0.3051
96663,1,Park Myung-shin,1.5128
93650,2,Guillermo Francella,0.8998
1240538,1,Eva De Dominici,2.2784
1728871,0,Miguel Granados,0.1171
1266344,1,Graciela Stefani,0.3858
3753239,2,Bruno Rondini,0.0596
50927,2,Guillermo Arengo,0.4914
4530836,0,Milo J,0.0441
1409171,1,Dalma Maradona,0.2245
2492912,2,Juan Luppi,0.1053
3386069,0,Mireya Mendoza,0.216
3386070,2,Arturo Mercado Jr.,0.094
3386072,0,Luis Leonardo Suarez,0.0409
2513025,0,Gaby Cárdenas,0.2475
4177020,0,Beto Castillo,0.0764
5391645,1,Magda Giner,0.1057
4177017,0,Carlos Segundo,0.0831
3491556,2,Idzi Dutkiewicz,0.1545
3563806,0,Anahí Allue,0.3192
2630268,1,Crystal Rao,0.2891
5771958,0,Lipei Gao,0.0
5771959,0,Pascal,0.0
3102289,1,Chung Suet-Ying,1.4752
4271909,1,Christy Choi Hiu Tung,0.0429
1202564,2,Louis Cheung,1.2394
231723,1,Kay Tse,0.683
2514716,2,Will Or,0.6901
5447896,0,Eva Rees,0.0281
5447897,0,Adam White,0.055
1891885,1,Emmanuelle Mattana,0.3282
5447898,0,Carissa Lee,0.0286
4099901,0,Tim Clarke,0.0634
72855,1,Felicity Jones,3.7055
3905,2,William H. Macy,4.4585
62105,1,Kerry Condon,4.2843
15684,2,Paul Schneider,2.006
5365,2,Clifton Collins Jr.,1.807
883,2,Will Patton,3.7589
1110537,2,Alfred Hsing,0.3902
4942,2,John Diehl,1.6653
4178064,0,Sean San Jose,0.1524
53023,2,David Gulpilil,1.1793
3119137,2,Baker Boy,0.0545
144680,0,Peter Minygululu ,0.1125
5205562,0,Pierre Bastin,0.0362
5549065,0,Benjamin Lambillotte,0.0143
5549067,0,Louise Bastin,0.0286
5549068,0,François Bastin,0.0362
2010250,2,Chris Mayers,0.227
1982801,1,Haley Leary,0.5105
3455369,2,Julian Smith,0.0311
3237965,1,Tordy Clark,0.2916
1637322,2,Hamid-Reza Benjamin Thompson,0.2995
1663680,2,Adam Budron,0.916
1208137,2,Nasser Faris,0.4573
2403855,0,Veracity Butcher,0.5188
5494520,0,Jade Ziane,0.0286
5703633,0,Leyla Modirzadeh,0.0256
5703587,0,Eyas Elkhateeb,0.0239
1591104,2,Ron Fallica,0.1628
189756,2,Martin Pfefferkorn,1.3405
4429725,1,Yui Suzuki,0.1737
107708,1,Hikari Ishida,0.896
123739,2,Lily Franky,1.488
1505062,2,Ayumu Nakajima,1.4746
2797433,1,Yuumi Kawai,2.0309
2167981,2,Ryota Bando,0.9418
5160346,2,Charlie St. Cyr,0.0286
3237708,0,Jeffrey Rowe,0.295
1482909,1,Jana McKinnon,0.8284
4839832,2,Bill Caple,0.0214
5332493,0,Joe Usher,0.0143
3218755,0,Wolfgang Oliver,0.0907
1790591,2,Jesse Ridgway,0.3366
5707926,0,Joe Silva,0.0744
5771836,0,Eric Wargo,0.0071
5111166,2,Dylan Eshbaugh,0.0658
5771837,0,Julia Mossbridge,0.0071
5771840,0,Jeff Ridgway,0.0071
5771841,0,Theresa Ridgway,0.0071
5771842,0,Jeffery Ridgway Jr.,0.0071
5771844,0,Ashley May,0.0071
4916781,2,Cameron Bell,0.2065
5255790,0,Olive Walter,0.0
75064,1,Joanna Croll,0.1951
1859382,0,Cristian Bota,0.2244
4430518,0,Vjosa Azemi,0.0462
3655971,1,Tammy Appenzellar,0.0465
3771515,0,Thomas Aitch,0.152
5255794,0,Dolly Love,0.0071
1531823,2,Daniel Gosling,0.1888
5257153,0,Joe Nock,0.0
4586208,2,Drue Fourmont,0.0
5715315,0,Brayden Hsu,0.0
5715317,0,Drew Paramore,0.0
5715319,0,Claire Rogan,0.0
5715320,0,Vivek Pranavamurthi,0.0
5715321,0,Ray Sanz,0.0071
5715324,0,Evan Flores,0.0
5715325,0,Iago Lashua,0.0
4685859,0,Joshua Jiang,0.0071
3345376,0,Andrew Solari,0.1868
5570859,0,Moon Guo Barker,0.0143
1498158,1,Jessie Buckley,2.8838
2326151,2,Paul Mescal,1.8972
1639,1,Emily Watson,3.8538
1496392,2,Joe Alwyn,1.869
3115247,2,Jacobi Jupe,0.708
73287,2,David Wilmot,1.8246
4088089,1,Bodhi Rae Breathnach,0.2192
4945576,1,Olivia Lynes,0.1851
2500901,1,Freya Hannan-Mills,0.328
1590759,2,Noah Jupe,1.5837
2152642,2,Darren Zimmer,0.1359
2546112,2,Todd William Lewis,0.096
3598865,0,Robert Bryn Mann,0.0071
2152676,0,Bernadette Mullen,0.0856
3598876,0,Aneurin Sheasby,0.0
2355348,0,Isabel Aimé González Sola,0.388
1086358,2,Esteban Bigliardi,0.4273
1731623,0,Claudia Sánchez,0.6
3126115,0,Ernestina Gatti,0.0766
1575581,1,Jazmín Carballo,0.0404
1082398,0,Sara Bessio,0.0943
5690497,0,Emma Fayo Duarte,0.0071
5690498,0,Patricia Mouzo,0.0286
5690499,0,Susana Saulquin,0.0214
5748026,0,Martin Lucini Monti,0.0
2968734,0,Sarah Al Saleh,0.0617
5551443,0,Alina Juhart,0.0071
2968732,0,Mina Milovanović,0.0071
2968733,0,Mia Skrbinac,0.1149
1649442,1,Suela Bako,0.0582
5031287,0,Denis Porčič,0.0071
1404682,0,Romir Zalla,0.0986
1548827,0,Silvija Jovanovič,0.0071
2134971,1,Rozafa Celaj,0.1737
1801150,0,Dušica Stojanovska,0.0261
1561997,2,Win Morisaki,1.2536
2293430,2,Koji Mukai,0.4837
2162309,1,Praewa Suthamphong,0.3517
2729182,2,Chalongrat Nobsamrong,0.4573
1832785,2,Phiravich Attachitsataporn,0.6541
1117063,1,Mariko Tsutsui,0.9903
2683342,2,Ohmi Ryota,0.1976
2538827,1,Kyoko Saito,0.3896
2742510,2,Taiyu Fujiwara,0.8217
550565,2,Mitsuhiro Oikawa,1.1453
72731,2,Nick Cheung Ka-Fai,2.212
123701,1,Fala Chen,1.9834
2217481,2,Terrance Lau Chun-Him,1.6451
985095,1,Rebecca Zhu,0.6022
551605,2,Ben Yuen Foo-Wah,1.996
3839622,1,Natalie Hsu,1.7301
1570777,2,Julius Brian Siswojo,0.5443
1334855,2,Deon Cheung Chung-Chi,0.8638
1191058,2,Peter Lai Bei-Dak,1.4757
2566151,1,Yuen Yee-Man,0.1757
2871553,1,Yeum Moon-kyoung,0.2027
4409726,0,Lee Jong-min,0.0
1346898,2,Yoon Sang-hwa,0.2231
1869559,2,Johnny Bermudez,0.1267
5579823,0,Steve H. Broadnax III,0.0714
3179901,2,Jaben Early,0.0557
1440292,2,Devin E. Haqq,0.0745
1366398,2,Eden Marryshow,0.3205
1770584,2,Stephen Conrad Moore,0.3257
2740652,0,Adesola A. Osakalumi,0.1615
2259995,1,Cesa Pledger,0.2493
1532386,1,Celestine Rae,0.1918
1724464,2,Jaime Lincoln Smith,0.1503
4990393,2,Hsuan-Li Chen,0.0776
1251223,2,Wu Kang-ren,1.7934
2959453,1,May Suen,0.0629
2296024,2,Huang Di-yang,0.304
1371299,2,Cheng Yu-chieh,0.9588
1017333,2,Cheng Chih-wei,0.9325
5368630,2,Curry Wen,0.0168
4287770,2,I-Le Hsieh,0.1525
2564424,2,Su Wei Hua,0.1159
4865884,2,Kuan-Yuen Chen,0.0286
1434042,2,Adrian Țofei,0.1802
1690280,1,Duru Yücel,0.0767
1690276,1,Erisse Peterson,0.1032
2354670,1,Andreea Enciu,0.1184
1857060,1,Danha Yunes,0.0214
1939864,1,Dorina Țofei,0.0214
1434044,1,Florentina Hariton,0.0261
15899,1,Jenifer Lewis,1.4637
2067303,2,Zach Lane,0.2462
5339747,0,Karis Henderson,0.0907
3456683,0,Lucas Krystek,0.0327
3147600,0,Léa Gigon,0.0357
5367474,0,Joséphine Thurre,0.0
5367477,0,Victor Lafrej,0.0071
2076433,1,Saki Miyashita,1.0418
24647,2,Katsuyuki Konishi,2.7127
1613379,2,Taku Yashiro,1.9436
1325236,1,Rui Tanabe,0.9784
84504,2,Norio Wakamoto,1.6367
3309472,1,Fuka Izumi,1.3235
1368254,1,Sumire Uesaka,2.3447
4954059,2,Erick Estrada Jiménez,0.0143
4954056,2,Chip Jimenez,0.0453
5465271,0,Erika Neyra,0.0214
5465274,2,Sebastián Arizmendi,0.0071
2364112,0,Thi Hau Cao,0.0
5593622,0,Cao Xuân Doanh,0.0
5593623,0,Cao Thị Hiệu,0.0
5593624,0,Cao Thị Bát,0.0
1171510,1,Camélia Jordana,0.5607
2199581,2,Sofiane Zermani,0.448
579211,2,Damien Bonnard,0.8283
4536481,0,Rim Monfort,0.1008
5760892,0,Rita Monfort,0.0071
22311,1,Clémentine Poidatz,0.474
1613123,1,Saadia Bentaïeb,0.4479
41037,1,Farida Rahouadj,0.9399
1029294,2,Jean-Benoît Ugeux,0.3917
1977894,2,Stéphane Pezerat,0.3723
1149341,2,Ryo Yoshizawa,2.1109
1321982,2,Ryusei Yokohama,1.6865
1369137,1,Mitsuki Takahata,1.3141
3860313,2,Soya Kurokawa,1.3928
4314663,2,Keitatsu Koshiyama,0.814
136191,2,Min Tanaka,1.2993
3899,2,Ken Watanabe,3.3263
2109360,1,Nana Mori,1.3303
1096815,2,Takahiro Miura,1.1318
1288795,2,Tom Waes,0.5427
1507922,0,Jan Versteegh,0.1991
1499205,1,Airen Mylene,0.0528
3765232,1,Tess Wester,0.1718
2427238,0,Britt Dekker,0.1116
4491303,0,Donna Tang,0.051
4491305,0,Tenzing Woing,0.0352
1280766,0,Aaron Wan,0.4521
2196038,0,Mei Ling Wan,0.0954
4491308,0,Chloe Cheung,0.0286
4220628,0,Lisa Man,0.0729
1059878,2,Steef Cuijpers,0.1889
2108104,0,Joep Vermolen,0.0774
4491310,0,Yassine Chigri,0.0619
1969516,2,Valentijn Benard,0.1787
54693,1,Emma Stone,5.6914
88124,2,Jesse Plemons,5.7079
5212114,2,Aidan Delbis,0.5418
1400595,2,Stavros Halkias,0.8024
5588,1,Alicia Silverstone,2.9517
5105206,2,J. Carmen Galindez Barrera,0.2907
5105205,2,Marc T. Lewis,0.2367
4986018,0,Vanessa Eng,0.3193
2978859,0,Cedric Dumornay,0.198
5446529,0,Charita Momma Cherri Jones,0.0214
142965,1,Maria Isabel Lopez,0.6205
575774,2,Soliman Cruz,1.508
1984371,1,Charlie Dizon,1.1992
36074,1,Kazuko Yoshiyuki,1.2619
2748110,1,Stefanie Arianne,0.7864
5374029,0,Vikash Paliwal,0.0143
4254283,0,Nukata Shinichi,0.0475
3682227,0,Olivia Nakintu,0.1459
75074,2,Paul Chahidi,1.2556
165424,2,Danny Sapani,1.4407
5227284,0,Catherine Rowney,0.0709
2357013,0,Mark Silcox,0.2979
1173805,1,Zhang Zifeng,2.294
2245285,1,Zhang Weili,0.2514
65261,1,Angelica Lee Sin-Jie,2.177
482101,1,Yao Chen,1.1436
1844393,2,Li Xiaochuan,0.6235
2263547,2,Heng Cai,0.5817
3545954,1,Zeng Mumei,0.2793
3226256,1,Chai Ye,0.1059
5768709,0,Harini,0.0
5768722,0,Pon Vigneswaran,0.0
2122379,2,Tan Jianci,2.3939
4617693,1,Lan Xiya,0.7123
2379893,2,Wang Ge,0.2593
575866,2,Wang Yanhui,1.4444
2086256,2,Pan Binlong,1.4627
148093,1,Chi Peng,0.3705
1621705,1,Li Jingjing,0.3698
2813501,2,Fan Xiang,0.1068
3763838,2,Hu Xiaoguang,0.3192
2187096,2,Ning Huan Yu,0.1126
2207680,2,Samuel Kujala,0.1324
4936016,0,Anna Rosaliina Kauno,0.0071
2114443,0,Kaisa-Leena Koskenkorva,0.0168
2964031,0,Camille Auer,0.0143
148389,1,Mari Rantasila,0.33
1377445,2,Jarkko Pajunen,0.2701
5773720,0,Carolina Segura,0.0
52583,2,Wagner Moura,3.1606
2346588,2,Carlos Francisco,1.6987
4497686,1,Tânia Maria,0.062
2375667,0,Robério Diógenes,0.0975
143500,2,Roney Villela,0.7202
1475555,2,Gabriel Leone,1.1532
2652283,1,Alice Carvalho,0.6484
583446,1,Hermila Guedes,0.8366
1691901,1,Isabél Zuaa,0.2727
228057,1,Maria Fernanda Cândido,0.5636
205349,2,Omar Leyva,0.7045
1486120,1,Mercedes Hernández,0.9278
3038181,0,Fernando Monroy,0.0071
1465608,1,Estella Perez,0.0143
11149,1,Dominique Swain,2.2126
2673964,1,Arie Thompson,0.4326
1011071,0,Eric St. John,0.167
1266956,1,Eva Ceja,0.9398
2158033,2,Brandon Alan Smith,0.304
1918402,2,Isaac J. Cruz,0.1862
3480042,0,Preston Geer,0.2475
3531181,0,Bridger Buckley,0.1121
3531186,0,Stamaur Mitchell,0.0873
3531178,0,Junior Alabi,0.0
145121,2,Pierre Niney,2.0598
4970377,0,Maya Gondry,0.0759
57012,2,Fares Fares,1.1562
1886168,1,Lyna Khoudri,1.5515
1835732,1,Zineb Triki,1.2769
2960,2,Amr Waked,1.5667
1887423,2,Ahmed Khairi,0.141
1887417,0,Nael Ali,0.0857
1730170,2,Sherwan Haji,0.297
2784037,0,Suhaib Neshwan,0.0715
1609872,0,Donia Massoud,0.047
1578313,2,Richard Starks,0.9201
3322935,2,Matrick Mondre Belton,0.216
3317606,1,Taylor Grado,1.5591
4673690,1,Natalie Holland,0.1702
1478478,2,Julian Micevski,0.3678
3688386,2,El Hijo de Dr. Wagner Jr.,0.0893
4673666,1,Calyx Hampton,0.1218
5029466,1,Daria Hodder,0.251
3903343,1,Mariah May Mead,1.3309
90027,2,Jeff Hardy,0.9204
5760859,0,Nawras,0.0
2419617,2,Jourdy Pranata,0.4041
1973571,1,Beby Tsabina,0.5986
1259064,2,Kevin Julio,0.4794
1823303,1,Yeyen Lidya,0.4361
1955612,2,Kenny Austin,0.3156
2207948,2,Dimas Danang,0.1194
1823280,2,David Nurbianto,0.1098
1327728,2,Indra Birowo,0.4059
142019,2,Yayan Ruhian,1.1958
5216239,1,Noam Shuster-Eliassi,0.0453
4810209,0,Misha Marjoram,0.0
5772390,0,Morgan Prince,0.0
5772391,0,Matt McCloud,0.0
3141,1,Marisa Tomei,4.0344
144216,1,Ciara Bravo,2.2722
1252323,2,Marco Pigossi,1.3034
72128,2,José María Yázpik,1.0366
1660275,0,Shin Kubota,0.051
1660276,0,Leola One Feather,0.0214
1660277,0,Felix Rohner,0.051
1660279,0,Sabina Schärer,0.0387
14813,1,Marina Vlady,1.5928
1367234,2,Mo Brings Plenty,0.5177
1660274,0,Friederike Haslbeck,0.0143
3086952,1,Ai Mikami,1.3518
3457521,1,Hiccorohee,0.4983
3803704,2,Mo Chugakusei,0.0755
144972,2,Bogusław Linda,0.7255
1038551,1,Marietta Méhes,0.0824
1073078,2,Andor Lukáts,0.1541
1092651,0,Béláné Csóka,0.0143
1092625,2,Földes László,0.0698
1225742,1,Carol Harrison,0.2808
10982,2,Harry Melling,2.1248
28846,2,Alexander Skarsgård,4.232
80366,1,Lesley Sharp,1.3067
80149,2,Douglas Hodge,1.1781
1024242,2,Jake Shears,0.5499
5614144,0,Mat Hill,0.2606
1108724,2,Anthony Welsh,1.5138
1327860,1,Miranda Bell,0.7797
2119567,1,Rosie Sheehy,0.251
3626160,0,Billy King,0.0704
5760901,0,Loviisa Pasternak,0.0
1767250,1,Ariana Greenblatt,3.128
1696016,1,Chloe Coleman,2.1867
98415,1,Nika King,1.1701
1450385,2,Brian Dare,0.382
1038002,2,Conor Sweeney,1.7055
2865120,1,Kristy Wordsworth,0.2348
190919,0,Adam Brooks,1.3233
1038000,2,Matthew Kennedy,0.3101
1123837,0,Meredith Sweeney,0.1425
1035399,2,Rich Evans,0.3737
57195,2,Rob Schrab,0.7544
1408667,0,Patrick Baxter,0.7514
1293988,1,Kate Freund,0.7515
1559372,1,Brandi Boulet,0.1656
25002,2,Lee Byung-hun,3.2173
86889,1,Son Ye-jin,2.1835
93999,2,Park Hee-soon,2.0409
141548,2,Lee Sung-min,1.4208
1248450,2,Cha Seung-won,1.6381
5646019,2,Kim Woo-seung,0.0808
4011201,1,Choi So-yul,0.268
2992834,2,Kim Hyeong-mook,0.6674
3644029,1,Woo Jeong-won,0.3585
